Index,Wavelengths,Fluxes,Convolved Fluxes,Interpolated Filter
     1,     151.000000,       0.000000,       0.000000,       0.000000,
     2,     155.199997,       0.000000,       0.000000,       0.000000,
     3,     158.800003,       0.000000,       0.000000,       0.000000,
     4,     162.000000,       0.000000,       0.000000,       0.000000,
     5,     166.000000,       0.000000,       0.000000,       0.000000,
     6,     170.300003,       0.000000,       0.000000,       0.000000,
     7,     173.399994,       0.000000,       0.000000,       0.000000,
     8,     176.800003,       0.000000,       0.000000,       0.000000,
     9,     180.199997,       0.000000,       0.000000,       0.000000,
    10,     181.699997,       0.000000,       0.000000,       0.000000,
    11,     186.100006,       0.000000,       0.000000,       0.000000,
    12,     191.000000,       0.000000,       0.000000,       0.000000,
    13,     193.899994,       0.000000,       0.000000,       0.000000,
    14,     198.399994,       0.000000,       0.000000,       0.000000,
    15,     201.800003,       0.000000,       0.000000,       0.000000,
    16,     205.000000,       0.000000,       0.000000,       0.000000,
    17,     210.500000,       0.000000,       0.000000,       0.000000,
    18,     216.199997,       0.000000,       0.000000,       0.000000,
    19,     219.800003,       0.000000,       0.000000,       0.000000,
    20,     223.000000,       0.000000,       0.000000,       0.000000,
    21,     226.800003,       0.000000,       0.000000,       0.000000,
    22,     230.000000,       0.000000,       0.000000,       0.000000,
    23,     234.000000,       0.000000,       0.000000,       0.000000,
    24,     240.000000,       0.000000,       0.000000,       0.000000,
    25,     246.500000,       0.000000,       0.000000,       0.000000,
    26,     252.399994,       0.000000,       0.000000,       0.000000,
    27,     256.799988,       0.000000,       0.000000,       0.000000,
    28,     260.000000,       0.000000,       0.000000,       0.000000,
    29,     264.000000,       0.000000,       0.000000,       0.000000,
    30,     268.500000,       0.000000,       0.000000,       0.000000,
    31,     273.500000,       0.000000,       0.000000,       0.000000,
    32,     278.500000,       0.000000,       0.000000,       0.000000,
    33,     284.000000,       0.000000,       0.000000,       0.000000,
    34,     290.000000,       0.000000,       0.000000,       0.000000,
    35,     296.000000,       0.000000,       0.000000,       0.000000,
    36,     301.000000,       0.000000,       0.000000,       0.000000,
    37,     308.000000,       0.000000,       0.000000,       0.000000,
    38,     318.000000,       0.000000,       0.000000,       0.000000,
    39,     328.000000,       0.000000,       0.000000,       0.000000,
    40,     338.000000,       0.000000,       0.000000,       0.000000,
    41,     348.000000,       0.000000,       0.000000,       0.000000,
    42,     357.000000,       0.000000,       0.000000,       0.000000,
    43,     366.000000,       0.000000,       0.000000,       0.000000,
    44,     375.000000,       0.000000,       0.000000,       0.000000,
    45,     385.000000,       0.000000,       0.000000,       0.000000,
    46,     395.000000,       0.000000,       0.000000,       0.000000,
    47,     405.000000,       0.000000,       0.000000,       0.000000,
    48,     414.000000,       0.000000,       0.000000,       0.000000,
    49,     422.000000,       0.000000,       0.000000,       0.000000,
    50,     430.000000,       0.000000,       0.000000,       0.000000,
    51,     441.000000,       0.000000,       0.000000,       0.000000,
    52,     451.000000,       0.000000,       0.000000,       0.000000,
    53,     460.000000,       0.000000,       0.000000,       0.000000,
    54,     470.000000,       0.000000,       0.000000,       0.000000,
    55,     480.000000,       0.000000,       0.000000,       0.000000,
    56,     490.000000,       0.000000,       0.000000,       0.000000,
    57,     500.000000,       0.000000,       0.000000,       0.000000,
    58,     506.000000,       0.000000,       0.000000,       0.000000,
    59,     512.000000,       0.000000,       0.000000,       0.000000,
    60,     520.000000,       0.000000,       0.000000,       0.000000,
    61,     530.000000,       0.000000,       0.000000,       0.000000,
    62,     540.000000,       0.000000,       0.000000,       0.000000,
    63,     550.000000,       0.000000,       0.000000,       0.000000,
    64,     560.000000,       0.000000,       0.000000,       0.000000,
    65,     570.000000,       0.000000,       0.000000,       0.000000,
    66,     580.000000,       0.000000,       0.000000,       0.000000,
    67,     590.000000,       0.000000,       0.000000,       0.000000,
    68,     600.000000,       0.000000,       0.000000,       0.000000,
    69,     610.000000,       0.000000,       0.000000,       0.000000,
    70,     620.000000,       0.000000,       0.000000,       0.000000,
    71,     630.000000,       0.000000,       0.000000,       0.000000,
    72,     640.000000,       0.000000,       0.000000,       0.000000,
    73,     650.000000,       0.000000,       0.000000,       0.000000,
    74,     658.000000,       0.000000,       0.000000,       0.000000,
    75,     665.000000,       0.000000,       0.000000,       0.000000,
    76,     675.000000,       0.000000,       0.000000,       0.000000,
    77,     685.000000,       0.000000,       0.000000,       0.000000,
    78,     695.000000,       0.000000,       0.000000,       0.000000,
    79,     705.000000,       0.000000,       0.000000,       0.000000,
    80,     716.000000,       0.000000,       0.000000,       0.000000,
    81,     726.000000,       0.000000,       0.000000,       0.000000,
    82,     735.000000,       0.000000,       0.000000,       0.000000,
    83,     745.000000,       0.000000,       0.000000,       0.000000,
    84,     755.000000,       0.000000,       0.000000,       0.000000,
    85,     765.000000,       0.000000,       0.000000,       0.000000,
    86,     775.000000,       0.000000,       0.000000,       0.000000,
    87,     785.000000,       0.000000,       0.000000,       0.000000,
    88,     795.000000,       0.000000,       0.000000,       0.000000,
    89,     805.000000,       0.000000,       0.000000,       0.000000,
    90,     815.000000,       0.000000,       0.000000,       0.000000,
    91,     825.000000,       0.000000,       0.000000,       0.000000,
    92,     835.000000,       0.000000,       0.000000,       0.000000,
    93,     845.000000,       0.000000,       0.000000,       0.000000,
    94,     855.000000,       0.000000,       0.000000,       0.000000,
    95,     865.000000,       0.000000,       0.000000,       0.000000,
    96,     875.000000,       0.000000,       0.000000,       0.000000,
    97,     885.000000,       0.000000,       0.000000,       0.000000,
    98,     895.000000,       0.000000,       0.000000,       0.000000,
    99,     905.000000,       0.000000,       0.000000,       0.000000,
   100,     915.000000,       0.000000,       0.000000,       0.000000,
   101,     925.000000,       0.000000,       0.000000,       0.000000,
   102,     935.000000,       0.000000,       0.000000,       0.000000,
   103,     945.000000,       0.000000,       0.000000,       0.000000,
   104,     955.000000,       0.000000,       0.000000,       0.000000,
   105,     965.000000,       0.000000,       0.000000,       0.000000,
   106,     975.000000,       0.000000,       0.000000,       0.000000,
   107,     985.000000,       0.000000,       0.000000,       0.000000,
   108,     995.000000,       0.000000,       0.000000,       0.000000,
   109,    1005.000000,       0.000000,       0.000000,       0.000000,
   110,    1015.000000,       0.000000,       0.000000,       0.000000,
   111,    1025.000000,       0.000000,       0.000000,       0.000000,
   112,    1035.000000,       0.000000,       0.000000,       0.000000,
   113,    1045.000000,       0.000000,       0.000000,       0.000000,
   114,    1055.000000,       0.000000,       0.000000,       0.000000,
   115,    1065.000000,       0.000000,       0.000000,       0.000000,
   116,    1075.000000,       0.000000,       0.000000,       0.000000,
   117,    1085.000000,       0.000000,       0.000000,       0.000000,
   118,    1095.000000,       0.000000,       0.000000,       0.000000,
   119,    1105.000000,       0.000000,       0.000000,       0.000000,
   120,    1115.000000,       0.000000,       0.000000,       0.000000,
   121,    1125.000000,       0.000000,       0.000000,       0.000000,
   122,    1135.000000,       0.000000,       0.000000,       0.000000,
   123,    1145.000000,       0.000000,       0.000000,       0.000000,
   124,    1155.000000,       0.000000,       0.000000,       0.000000,
   125,    1165.000000,       0.000000,       0.000000,       0.000000,
   126,    1175.000000,       0.000000,       0.000000,       0.000000,
   127,    1185.000000,       0.000000,       0.000000,       0.000000,
   128,    1195.000000,       0.000000,       0.000000,       0.000000,
   129,    1205.000000,       0.000000,       0.000000,       0.000000,
   130,    1215.000000,       0.000000,       0.000000,       0.000000,
   131,    1225.000000,       0.000000,       0.000000,       0.000000,
   132,    1235.000000,       0.000000,       0.000000,       0.000000,
   133,    1245.000000,       0.000000,       0.000000,       0.000000,
   134,    1255.000000,       0.000000,       0.000000,       0.000000,
   135,    1265.000000,       0.000000,       0.000000,       0.000000,
   136,    1275.000000,       0.000000,       0.000000,       0.000000,
   137,    1285.000000,       0.000000,       0.000000,       0.000000,
   138,    1295.000000,       0.000000,       0.000000,       0.000000,
   139,    1305.000000,       0.000000,       0.000000,       0.000000,
   140,    1315.000000,       0.000000,       0.000000,       0.000000,
   141,    1325.000000,       0.000000,       0.000000,       0.000000,
   142,    1335.000000,       0.000000,       0.000000,       0.000000,
   143,    1345.000000,       0.000000,       0.000000,       0.000000,
   144,    1355.000000,       0.000000,       0.000000,       0.000000,
   145,    1365.000000,       0.000000,       0.000000,       0.000000,
   146,    1375.000000,       0.000000,       0.000000,       0.000000,
   147,    1385.000000,       0.000000,       0.000000,       0.000000,
   148,    1395.000000,       0.000000,       0.000000,       0.000000,
   149,    1405.000000,       0.000000,       0.000000,       0.000000,
   150,    1415.000000,       0.000000,       0.000000,       0.000000,
   151,    1425.000000,       0.000000,       0.000000,       0.000000,
   152,    1435.000000,       0.000000,       0.000000,       0.000000,
   153,    1442.000000,       0.000000,       0.000000,       0.000000,
   154,    1447.000000,       0.000000,       0.000000,       0.000000,
   155,    1455.000000,       0.000001,       0.000000,       0.000000,
   156,    1465.000000,       0.000001,       0.000000,       0.000000,
   157,    1475.000000,       0.000001,       0.000000,       0.000000,
   158,    1485.000000,       0.000001,       0.000000,       0.000000,
   159,    1495.000000,       0.000001,       0.000000,       0.000000,
   160,    1505.000000,       0.000002,       0.000000,       0.000000,
   161,    1512.000000,       0.000002,       0.000000,       0.000000,
   162,    1517.000000,       0.000002,       0.000000,       0.000000,
   163,    1525.000000,       0.000003,       0.000000,       0.000000,
   164,    1535.000000,       0.000005,       0.000000,       0.000000,
   165,    1545.000000,       0.000004,       0.000000,       0.000000,
   166,    1555.000000,       0.000006,       0.000000,       0.000000,
   167,    1565.000000,       0.000007,       0.000000,       0.000000,
   168,    1575.000000,       0.000011,       0.000000,       0.000000,
   169,    1585.000000,       0.000013,       0.000000,       0.000000,
   170,    1595.000000,       0.000014,       0.000000,       0.000000,
   171,    1605.000000,       0.000017,       0.000000,       0.000000,
   172,    1615.000000,       0.000020,       0.000000,       0.000000,
   173,    1625.000000,       0.000022,       0.000000,       0.000000,
   174,    1635.000000,       0.000030,       0.000000,       0.000000,
   175,    1645.000000,       0.000039,       0.000000,       0.000000,
   176,    1655.000000,       0.000044,       0.000000,       0.000000,
   177,    1665.000000,       0.000055,       0.000000,       0.000000,
   178,    1672.000000,       0.000054,       0.000000,       0.000000,
   179,    1677.000000,       0.000070,       0.000000,       0.000000,
   180,    1685.000000,       0.000084,       0.000000,       0.000000,
   181,    1695.000000,       0.000106,       0.000000,       0.000000,
   182,    1705.000000,       0.000119,       0.000000,       0.000000,
   183,    1715.000000,       0.000149,       0.000000,       0.000000,
   184,    1725.000000,       0.000186,       0.000000,       0.000000,
   185,    1735.000000,       0.000222,       0.000000,       0.000000,
   186,    1745.000000,       0.000275,       0.000000,       0.000000,
   187,    1755.000000,       0.000307,       0.000000,       0.000000,
   188,    1765.000000,       0.000389,       0.000000,       0.000000,
   189,    1775.000000,       0.000391,       0.000000,       0.000000,
   190,    1785.000000,       0.000647,       0.000000,       0.000000,
   191,    1795.000000,       0.000611,       0.000000,       0.000000,
   192,    1805.000000,       0.001022,       0.000000,       0.000000,
   193,    1815.000000,       0.000879,       0.000000,       0.000000,
   194,    1825.000000,       0.001197,       0.000000,       0.000000,
   195,    1835.000000,       0.001237,       0.000000,       0.000000,
   196,    1845.000000,       0.001761,       0.000000,       0.000000,
   197,    1855.000000,       0.001522,       0.000000,       0.000000,
   198,    1865.000000,       0.002514,       0.000000,       0.000000,
   199,    1875.000000,       0.002418,       0.000000,       0.000000,
   200,    1885.000000,       0.003174,       0.000000,       0.000000,
   201,    1895.000000,       0.003717,       0.000000,       0.000000,
   202,    1905.000000,       0.004210,       0.000000,       0.000000,
   203,    1915.000000,       0.005956,       0.000000,       0.000000,
   204,    1925.000000,       0.005538,       0.000000,       0.000000,
   205,    1935.000000,       0.005930,       0.000000,       0.000000,
   206,    1945.000000,       0.007909,       0.000001,       0.000000,
   207,    1955.000000,       0.011243,       0.000001,       0.000000,
   208,    1967.000000,       0.011809,       0.000001,       0.000000,
   209,    1976.000000,       0.014657,       0.000001,       0.000000,
   210,    1984.000000,       0.020137,       0.000001,       0.000000,
   211,    1995.000000,       0.017469,       0.000001,       0.000000,
   212,    2005.000000,       0.020880,       0.000001,       0.000000,
   213,    2015.000000,       0.023768,       0.000002,       0.000000,
   214,    2025.000000,       0.023507,       0.000002,       0.000000,
   215,    2035.000000,       0.027726,       0.000002,       0.000000,
   216,    2045.000000,       0.029483,       0.000002,       0.000000,
   217,    2055.000000,       0.037436,       0.000003,       0.000000,
   218,    2065.000000,       0.034880,       0.000002,       0.000000,
   219,    2074.000000,       0.034318,       0.000002,       0.000000,
   220,    2078.000000,       0.042770,       0.000003,       0.000000,
   221,    2085.000000,       0.049541,       0.000003,       0.000000,
   222,    2095.000000,       0.059035,       0.000004,       0.000000,
   223,    2105.000000,       0.058120,       0.000004,       0.000000,
   224,    2115.000000,       0.059063,       0.000004,       0.000000,
   225,    2125.000000,       0.070593,       0.000005,       0.000000,
   226,    2135.000000,       0.091876,       0.000006,       0.000000,
   227,    2145.000000,       0.075090,       0.000005,       0.000000,
   228,    2155.000000,       0.096053,       0.000007,       0.000000,
   229,    2165.000000,       0.098056,       0.000007,       0.000000,
   230,    2175.000000,       0.110137,       0.000008,       0.000000,
   231,    2185.000000,       0.109451,       0.000008,       0.000000,
   232,    2195.000000,       0.172956,       0.000012,       0.000000,
   233,    2205.000000,       0.150323,       0.000011,       0.000000,
   234,    2215.000000,       0.190249,       0.000013,       0.000000,
   235,    2225.000000,       0.170051,       0.000012,       0.000000,
   236,    2235.000000,       0.285668,       0.000020,       0.000000,
   237,    2245.000000,       0.307627,       0.000022,       0.000000,
   238,    2255.000000,       0.412155,       0.000029,       0.000000,
   239,    2265.000000,       0.220381,       0.000015,       0.000000,
   240,    2275.000000,       0.483466,       0.000034,       0.000000,
   241,    2285.000000,       0.397569,       0.000028,       0.000000,
   242,    2295.000000,       0.731400,       0.000051,       0.000000,
   243,    2305.000000,       0.280766,       0.000020,       0.000000,
   244,    2315.000000,       1.051551,       0.000074,       0.000000,
   245,    2325.000000,       0.706263,       0.000049,       0.000000,
   246,    2335.000000,       1.234890,       0.000086,       0.000000,
   247,    2345.000000,       0.798942,       0.000056,       0.000000,
   248,    2355.000000,       0.656329,       0.000046,       0.000000,
   249,    2365.000000,       0.957649,       0.000067,       0.000000,
   250,    2375.000000,       0.869089,       0.000061,       0.000000,
   251,    2385.000000,       1.735645,       0.000121,       0.000000,
   252,    2395.000000,       1.537875,       0.000108,       0.000000,
   253,    2405.000000,       3.187240,       0.000223,       0.000000,
   254,    2415.000000,       1.695120,       0.000119,       0.000000,
   255,    2425.000000,       2.481600,       0.000174,       0.000000,
   256,    2435.000000,       3.824460,       0.000268,       0.000000,
   257,    2445.000000,       5.795105,       0.000406,       0.000000,
   258,    2455.000000,       7.140950,       0.000500,       0.000000,
   259,    2465.000000,       3.784485,       0.000265,       0.000000,
   260,    2475.000000,       8.116535,       0.000568,       0.000000,
   261,    2485.000000,       2.380995,       0.000167,       0.000000,
   262,    2495.000000,       3.060030,       0.000214,       0.000000,
   263,    2505.000000,       6.526755,       0.000457,       0.000000,
   264,    2513.000000,       4.060125,       0.000284,       0.000000,
   265,    2518.000000,       4.571535,       0.000320,       0.000000,
   266,    2525.000000,       6.415090,       0.000449,       0.000000,
   267,    2535.000000,      18.824700,       0.001318,       0.000000,
   268,    2545.000000,      24.893300,       0.001743,       0.000000,
   269,    2555.000000,      25.696350,       0.001799,       0.000000,
   270,    2565.000000,      10.831970,       0.000758,       0.000000,
   271,    2575.000000,      23.816100,       0.001667,       0.000000,
   272,    2585.000000,      12.418300,       0.000869,       0.000000,
   273,    2595.000000,      18.576550,       0.001300,       0.000000,
   274,    2605.000000,      27.951751,       0.001957,       0.000000,
   275,    2615.000000,      23.387800,       0.001637,       0.000000,
   276,    2625.000000,      47.218401,       0.003305,       0.000000,
   277,    2635.000000,      87.041599,       0.006093,       0.000000,
   278,    2645.000000,      58.988949,       0.004129,       0.000000,
   279,    2655.000000,     102.784000,       0.007195,       0.000000,
   280,    2665.000000,      70.280449,       0.004920,       0.000000,
   281,    2675.000000,      71.588150,       0.005011,       0.000000,
   282,    2685.000000,      98.657997,       0.006906,       0.000000,
   283,    2695.000000,      53.252851,       0.003728,       0.000000,
   284,    2705.000000,     127.785000,       0.008945,       0.000000,
   285,    2715.000000,     109.780499,       0.007685,       0.000000,
   286,    2725.000000,      82.987652,       0.005809,       0.000000,
   287,    2735.000000,      89.916248,       0.006294,       0.000000,
   288,    2745.000000,     136.801998,       0.009576,       0.000000,
   289,    2755.000000,     130.228996,       0.009116,       0.000000,
   290,    2765.000000,     220.228996,       0.015416,       0.000000,
   291,    2775.000000,     312.102493,       0.021847,       0.000000,
   292,    2785.000000,     168.612999,       0.011803,       0.000000,
   293,    2795.000000,     162.077003,       0.011345,       0.000000,
   294,    2805.000000,     166.664497,       0.011667,       0.000000,
   295,    2815.000000,     307.364990,       0.021516,       0.000000,
   296,    2825.000000,     287.474503,       0.020123,       0.000000,
   297,    2835.000000,     222.898003,       0.015603,       0.000000,
   298,    2845.000000,     121.375496,       0.008496,       0.000000,
   299,    2855.000000,      44.905849,       0.003143,       0.000000,
   300,    2865.000000,     220.806000,       0.015456,       0.000000,
   301,    2875.000000,     304.841003,       0.021339,       0.000000,
   302,    2885.000000,     604.230988,       0.042296,       0.000000,
   303,    2895.000000,     798.474518,       0.055893,       0.000000,
   304,    2910.000000,    1007.880005,       0.070552,       0.000000,
   305,    2930.000000,    1061.809998,       0.074327,       0.000000,
   306,    2950.000000,    1073.263977,       0.075128,       0.000000,
   307,    2970.000000,    1119.009979,       0.078331,       0.000000,
   308,    2990.000000,    1282.155029,       0.089751,       0.000000,
   309,    3010.000000,    1384.609985,       0.096923,       0.000000,
   310,    3030.000000,    1833.380005,       0.128337,       0.000000,
   311,    3050.000000,    2242.294922,       0.156961,       0.000000,
   312,    3070.000000,    3107.739990,       0.217542,       0.000000,
   313,    3090.000000,    4116.045166,       0.288123,       0.000000,
   314,    3110.000000,    5726.645020,       0.400865,       0.000000,
   315,    3130.000000,    6077.064941,       0.425395,       0.000000,
   316,    3150.000000,    9650.670410,       0.675547,       0.000000,
   317,    3170.000000,   13113.100098,       0.917917,       0.000000,
   318,    3190.000000,   10450.455078,       0.731532,       0.000000,
   319,    3210.000000,   13357.250000,       0.935008,       0.000000,
   320,    3230.000000,    9865.529785,       0.690587,       0.000000,
   321,    3250.000000,   15874.350586,       3.651101,       0.000000,
   322,    3270.000000,   24284.000000,      65.081118,       0.000000,
   323,    3290.000000,   30369.700195,     456.456605,       0.000000,
   324,    3310.000000,   26223.300781,    1080.924410,       0.000000,
   325,    3330.000000,   27902.299805,    2462.657049,       0.000000,
   326,    3350.000000,   27271.849609,    3606.156639,       0.000000,
   327,    3370.000000,   21955.599609,    3735.086624,       0.000000,
   328,    3390.000000,   24971.050781,    5351.546025,       0.000000,
   329,    3410.000000,   31953.000000,    7688.530929,       0.000000,
   330,    3430.000000,   38339.300781,   10286.818193,       0.000000,
   331,    3450.000000,   34207.150391,    9845.502415,       0.000000,
   332,    3470.000000,   39415.949219,   11858.288478,       0.000000,
   333,    3490.000000,   47573.300781,   14691.110807,       0.000000,
   334,    3510.000000,   56429.449219,   17644.923901,       0.000000,
   335,    3530.000000,   44918.599609,   14046.046250,       0.000000,
   336,    3550.000000,   64049.250000,   19909.069552,       0.000000,
   337,    3570.000000,   31458.099609,    9639.076762,       0.000000,
   338,    3590.000000,   30275.800781,    9108.171616,       0.000000,
   339,    3610.000000,   48871.500000,   14480.625156,       0.000000,
   340,    3630.000000,   75660.949219,   22403.206353,       0.000000,
   341,    3640.000000,   82295.847656,   24094.579255,       0.000000,
   342,    3650.000000,   89882.050781,   26393.864328,       0.000000,
   343,    3670.000000,  118827.500000,   34500.377105,       0.000000,
   344,    3690.000000,  101635.601562,   29845.294530,       0.000000,
   345,    3710.000000,   97505.898438,   27061.786886,       0.000000,
   346,    3730.000000,   39709.449219,   11142.471901,       0.000000,
   347,    3750.000000,   48599.099609,   13726.815224,       0.000000,
   348,    3770.000000,   89508.699219,   23675.050239,       0.000000,
   349,    3790.000000,   99327.500000,   26282.057367,       0.000000,
   350,    3810.000000,   81174.296875,   22495.833522,       0.000000,
   351,    3830.000000,   34873.849609,    9691.093955,       0.000000,
   352,    3850.000000,   56637.148438,   17400.630872,       0.000000,
   353,    3870.000000,   59417.597656,   19689.804085,       0.000000,
   354,    3890.000000,   91903.750000,   33290.295627,       0.000000,
   355,    3910.000000,   92014.500000,   36862.850230,       0.000000,
   356,    3930.000000,   26616.350586,   11833.629100,       0.000000,
   357,    3950.000000,   58185.699219,   27468.304439,       0.000000,
   358,    3970.000000,   34856.250000,   18043.687134,       0.000000,
   359,    3990.000000,  147982.500000,   83209.081825,       0.000000,
   360,    4010.000000,  239705.500000,  137662.866524,       0.000000,
   361,    4030.000000,  241879.500000,  149229.973676,       0.000000,
   362,    4050.000000,  229754.000000,  154459.022236,       0.000000,
   363,    4070.000000,  210041.000000,  144539.711766,       0.000000,
   364,    4090.000000,  310730.000000,  223203.577358,       0.000000,
   365,    4110.000000,  296618.000000,  220203.277663,       0.000000,
   366,    4130.000000,  250583.500000,  192134.893129,       0.000000,
   367,    4150.000000,  239933.500000,  189173.166122,       0.000000,
   368,    4170.000000,  248941.000000,  199130.397527,       0.000000,
   369,    4190.000000,  278092.500000,  231798.443970,       0.000000,
   370,    4210.000000,  297775.000000,  247984.047350,       0.000000,
   371,    4230.000000,  236802.000000,  197703.623668,       0.000000,
   372,    4250.000000,  379441.000000,  323849.097194,       0.000000,
   373,    4270.000000,  366576.000000,  315401.998126,       0.000000,
   374,    4290.000000,  342379.000000,  303501.862036,       0.000000,
   375,    4310.000000,  327750.500000,  295234.365068,       0.000000,
   376,    4330.000000,  492369.000000,  442674.208888,       0.000000,
   377,    4350.000000,  534827.500000,  493046.779332,       0.000000,
   378,    4370.000000,  573619.000000,  534905.464215,       0.000000,
   379,    4390.000000,  481407.000000,  452012.283098,       0.000000,
   380,    4410.000000,  509205.500000,  486917.567505,       0.000000,
   381,    4430.000000,  539690.500000,  513083.750269,       0.000000,
   382,    4450.000000,  555415.500000,  529827.519208,       0.000000,
   383,    4470.000000,  620406.500000,  602898.629883,       0.000000,
   384,    4490.000000,  661599.500000,  638443.500149,       0.000000,
   385,    4510.000000,  813391.000000,  777984.100071,       0.000000,
   386,    4530.000000,  645983.500000,  628018.713379,       0.000000,
   387,    4550.000000,  694881.500000,  678822.807660,       0.000000,
   388,    4570.000000,  799108.500000,  782399.121573,       0.000000,
   389,    4590.000000,  795870.000000,  781273.750910,       0.000000,
   390,    4610.000000,  836266.000000,  808100.542920,       0.000000,
   391,    4630.000000,  804506.000000,  773033.710411,       0.000000,
   392,    4650.000000,  831218.000000,  812382.585978,       0.000000,
   393,    4670.000000,  893140.500000,  876563.819185,       0.000000,
   394,    4690.000000,  885548.000000,  869360.156616,       0.000000,
   395,    4710.000000,  854056.500000,  849367.725531,       0.000000,
   396,    4730.000000,  913817.000000,  907493.404591,       0.000000,
   397,    4750.000000,  989016.000000,  966337.837352,       0.000000,
   398,    4770.000000, 1005484.500000,  987566.765558,       0.000000,
   399,    4790.000000,  999737.500000,  995838.532235,       0.000000,
   400,    4810.000000, 1006277.000000, 1006206.584909,       0.000000,
   401,    4830.000000, 1089570.000000, 1087347.246069,       0.000000,
   402,    4850.000000, 1024387.500000, 1020136.319131,       0.000000,
   403,    4870.000000,  962391.000000,  947483.567760,       0.000000,
   404,    4890.000000, 1090600.000000, 1065025.411487,       0.000000,
   405,    4910.000000, 1095885.000000, 1080224.830565,       0.000000,
   406,    4930.000000, 1067700.000000, 1053243.310475,       0.000000,
   407,    4950.000000, 1156395.000000, 1135047.976378,       0.000000,
   408,    4970.000000, 1090400.000000, 1074839.983702,       0.000000,
   409,    4990.000000,  984015.500000,  974687.033510,       0.000000,
   410,    5010.000000,  919704.000000,  894871.982790,       0.000000,
   411,    5030.000000, 1008460.000000,  962353.227766,       0.000000,
   412,    5050.000000, 1041210.000000, 1002352.024251,       0.000000,
   413,    5070.000000, 1113640.000000, 1095008.791096,       0.000000,
   414,    5090.000000,  988198.000000,  966605.883690,       0.000000,
   415,    5110.000000, 1060210.000000, 1023547.946370,       0.000000,
   416,    5130.000000,  984520.000000,  951262.935319,       0.000000,
   417,    5150.000000,  973849.000000,  948246.510292,       0.000000,
   418,    5170.000000,  825541.000000,  797059.833138,       0.000000,
   419,    5190.000000,  885009.000000,  846475.707330,       0.000000,
   420,    5210.000000,  987081.000000,  952582.501353,       0.000000,
   421,    5230.000000, 1137000.000000, 1107062.796593,       0.000000,
   422,    5250.000000, 1190685.000000, 1147284.497911,       0.000000,
   423,    5270.000000, 1047545.000000,  993638.305289,       0.000000,
   424,    5290.000000, 1269650.000000, 1206878.470629,       0.000000,
   425,    5310.000000, 1417340.000000, 1368044.878683,       0.000000,
   426,    5330.000000, 1172820.000000, 1134879.268638,       0.000000,
   427,    5350.000000, 1354620.000000, 1295829.506081,       0.000000,
   428,    5370.000000, 1391985.000000, 1323708.172655,       0.000000,
   429,    5390.000000, 1285530.000000, 1226601.272728,       0.000000,
   430,    5410.000000, 1305310.000000, 1241402.060940,       0.000000,
   431,    5430.000000, 1327300.000000, 1244595.963025,       0.000000,
   432,    5450.000000, 1436460.000000, 1334844.841847,       0.000000,
   433,    5470.000000, 1335385.000000, 1246288.100982,       0.000000,
   434,    5490.000000, 1311300.000000, 1225567.235863,       0.000000,
   435,    5510.000000, 1304530.000000, 1204524.759635,       0.000000,
   436,    5530.000000, 1402715.000000, 1279879.231156,       0.000000,
   437,    5550.000000, 1478300.000000, 1345888.689893,       0.000000,
   438,    5570.000000, 1454345.000000, 1326449.933211,       0.000000,
   439,    5590.000000, 1398445.000000, 1267130.979691,       0.000000,
   440,    5610.000000, 1497360.000000, 1335510.382361,       0.000000,
   441,    5630.000000, 1428210.000000, 1258053.019248,       0.000000,
   442,    5650.000000, 1466675.000000, 1293974.034835,       0.000000,
   443,    5670.000000, 1429570.000000, 1276134.217244,       0.000000,
   444,    5690.000000, 1536365.000000, 1377658.533302,       0.000000,
   445,    5710.000000, 1423770.000000, 1274558.924096,       0.000000,
   446,    5730.000000, 1657210.000000, 1482192.030343,       0.000000,
   447,    5750.000000, 1527485.000000, 1368916.763300,       0.000000,
   448,    5770.000000, 1595390.000000, 1431543.454912,       0.000000,
   449,    5790.000000, 1457850.000000, 1303186.680070,       0.000000,
   450,    5810.000000, 1622825.000000, 1440305.919020,       0.000000,
   451,    5830.000000, 1736460.000000, 1542202.235731,       0.000000,
   452,    5850.000000, 1632520.000000, 1462117.543530,       0.000000,
   453,    5870.000000, 1632730.000000, 1476134.844928,       0.000000,
   454,    5890.000000, 1263740.000000, 1144872.610852,       0.000000,
   455,    5910.000000, 1586170.000000, 1425506.860425,       0.000000,
   456,    5930.000000, 1617265.000000, 1435872.513890,       0.000000,
   457,    5950.000000, 1615035.000000, 1423249.632255,       0.000000,
   458,    5970.000000, 1697830.000000, 1489625.106906,       0.000000,
   459,    5990.000000, 1620255.000000, 1420493.757249,       0.000000,
   460,    6010.000000, 1584460.000000, 1390363.646222,       0.000000,
   461,    6030.000000, 1697000.000000, 1481073.716342,       0.000000,
   462,    6050.000000, 1751160.000000, 1531161.732259,       0.000000,
   463,    6070.000000, 1756050.000000, 1544200.163403,       0.000000,
   464,    6090.000000, 1622895.000000, 1439621.467929,       0.000000,
   465,    6110.000000, 1643220.000000, 1465604.377373,       0.000000,
   466,    6130.000000, 1504285.000000, 1341130.235214,       0.000000,
   467,    6150.000000, 1592280.000000, 1413196.314290,       0.000000,
   468,    6170.000000, 1485835.000000, 1305053.444101,       0.000000,
   469,    6190.000000, 1634200.000000, 1417554.059744,       0.000000,
   470,    6210.000000, 1600735.000000, 1377112.327675,       0.000000,
   471,    6230.000000, 1504860.000000, 1293427.156366,       0.000000,
   472,    6250.000000, 1431305.000000, 1235130.355892,       0.000000,
   473,    6270.000000, 1553000.000000, 1351638.003945,       0.000000,
   474,    6290.000000, 1638835.000000, 1434160.848618,       0.000000,
   475,    6310.000000, 1531950.000000, 1342708.261469,       0.000000,
   476,    6330.000000, 1589695.000000, 1390315.493912,       0.000000,
   477,    6350.000000, 1537375.000000, 1334026.441768,       0.000000,
   478,    6370.000000, 1526065.000000, 1311912.273197,       0.000000,
   479,    6390.000000, 1653905.000000, 1403338.414582,       0.000000,
   480,    6410.000000, 1640440.000000, 1370210.298431,       0.000000,
   481,    6430.000000, 1646335.000000, 1358358.044778,       0.000000,
   482,    6450.000000, 1656785.000000, 1350296.361400,       0.000000,
   483,    6470.000000, 1678955.000000, 1354715.205789,       0.000000,
   484,    6490.000000, 1598995.000000, 1270673.333898,       0.000000,
   485,    6510.000000, 1663455.000000, 1298127.030541,       0.000000,
   486,    6530.000000, 1680580.000000, 1279173.471167,       0.000000,
   487,    6550.000000, 1669895.000000, 1225035.006080,       0.000000,
   488,    6570.000000, 1669695.000000, 1170138.978332,       0.000000,
   489,    6590.000000, 1716305.000000, 1150147.494398,       0.000000,
   490,    6610.000000, 1724125.000000, 1110439.974532,       0.000000,
   491,    6630.000000, 1699690.000000, 1013100.265348,       0.000000,
   492,    6650.000000, 1690120.000000,  826857.419318,       0.000000,
   493,    6670.000000, 1636260.000000,  559388.222398,       0.000000,
   494,    6690.000000, 1704140.000000,  367582.998894,       0.000000,
   495,    6710.000000, 1608020.000000,  202674.835563,       0.000000,
   496,    6730.000000, 1714475.000000,  109486.372094,       0.000000,
   497,    6750.000000, 1650705.000000,   44618.556914,       0.000000,
   498,    6770.000000, 1702490.000000,   18437.966773,       0.000000,
   499,    6790.000000, 1648635.000000,    7451.830132,       0.000000,
   500,    6810.000000, 1671260.000000,    3492.933537,       0.000000,
   501,    6830.000000, 1716560.000000,    1836.719197,       0.000000,
   502,    6850.000000, 1651195.000000,    1023.740910,       0.000000,
   503,    6870.000000, 1690965.000000,     642.566721,       0.000000,
   504,    6890.000000, 1745205.000000,     436.301271,       0.000000,
   505,    6910.000000, 1725055.000000,       0.000000,       0.000000,
   506,    6930.000000, 1665145.000000,       0.000000,       0.000000,
   507,    6950.000000, 1626245.000000,       0.000000,       0.000000,
   508,    6970.000000, 1674120.000000,       0.000000,       0.000000,
   509,    6990.000000, 1632285.000000,       0.000000,       0.000000,
   510,    7010.000000, 1573920.000000,       0.000000,       0.000000,
   511,    7030.000000, 1649400.000000,       0.000000,       0.000000,
   512,    7050.000000, 1688340.000000,       0.000000,       0.000000,
   513,    7070.000000, 1590955.000000,       0.000000,       0.000000,
   514,    7090.000000, 1553515.000000,       0.000000,       0.000000,
   515,    7110.000000, 1532675.000000,       0.000000,       0.000000,
   516,    7130.000000, 1452135.000000,       0.000000,       0.000000,
   517,    7150.000000, 1473975.000000,       0.000000,       0.000000,
   518,    7170.000000, 1525380.000000,       0.000000,       0.000000,
   519,    7190.000000, 1477845.000000,       0.000000,       0.000000,
   520,    7210.000000, 1541980.000000,       0.000000,       0.000000,
   521,    7230.000000, 1605025.000000,       0.000000,       0.000000,
   522,    7250.000000, 1603460.000000,       0.000000,       0.000000,
   523,    7270.000000, 1586630.000000,       0.000000,       0.000000,
   524,    7290.000000, 1531685.000000,       0.000000,       0.000000,
   525,    7310.000000, 1593110.000000,       0.000000,       0.000000,
   526,    7330.000000, 1594140.000000,       0.000000,       0.000000,
   527,    7350.000000, 1585440.000000,       0.000000,       0.000000,
   528,    7370.000000, 1668570.000000,       0.000000,       0.000000,
   529,    7390.000000, 1617335.000000,       0.000000,       0.000000,
   530,    7410.000000, 1621100.000000,       0.000000,       0.000000,
   531,    7430.000000, 1634430.000000,       0.000000,       0.000000,
   532,    7450.000000, 1644295.000000,       0.000000,       0.000000,
   533,    7470.000000, 1641920.000000,       0.000000,       0.000000,
   534,    7490.000000, 1622045.000000,       0.000000,       0.000000,
   535,    7510.000000, 1681215.000000,       0.000000,       0.000000,
   536,    7530.000000, 1709075.000000,       0.000000,       0.000000,
   537,    7550.000000, 1722935.000000,       0.000000,       0.000000,
   538,    7570.000000, 1703255.000000,       0.000000,       0.000000,
   539,    7590.000000, 1669275.000000,       0.000000,       0.000000,
   540,    7610.000000, 1680355.000000,       0.000000,       0.000000,
   541,    7630.000000, 1702200.000000,       0.000000,       0.000000,
   542,    7650.000000, 1710175.000000,       0.000000,       0.000000,
   543,    7670.000000, 1610880.000000,       0.000000,       0.000000,
   544,    7690.000000, 1704695.000000,       0.000000,       0.000000,
   545,    7710.000000, 1653245.000000,       0.000000,       0.000000,
   546,    7730.000000, 1649490.000000,       0.000000,       0.000000,
   547,    7750.000000, 1642305.000000,       0.000000,       0.000000,
   548,    7770.000000, 1703875.000000,       0.000000,       0.000000,
   549,    7790.000000, 1712050.000000,       0.000000,       0.000000,
   550,    7810.000000, 1707280.000000,       0.000000,       0.000000,
   551,    7830.000000, 1685545.000000,       0.000000,       0.000000,
   552,    7850.000000, 1639915.000000,       0.000000,       0.000000,
   553,    7870.000000, 1665045.000000,       0.000000,       0.000000,
   554,    7890.000000, 1562665.000000,       0.000000,       0.000000,
   555,    7910.000000, 1503260.000000,       0.000000,       0.000000,
   556,    7930.000000, 1522765.000000,       0.000000,       0.000000,
   557,    7950.000000, 1472855.000000,       0.000000,       0.000000,
   558,    7970.000000, 1579550.000000,       0.000000,       0.000000,
   559,    7990.000000, 1570795.000000,       0.000000,       0.000000,
   560,    8010.000000, 1576670.000000,       0.000000,       0.000000,
   561,    8030.000000, 1583900.000000,       0.000000,       0.000000,
   562,    8050.000000, 1559765.000000,       0.000000,       0.000000,
   563,    8070.000000, 1525400.000000,       0.000000,       0.000000,
   564,    8090.000000, 1469920.000000,       0.000000,       0.000000,
   565,    8110.000000, 1451425.000000,       0.000000,       0.000000,
   566,    8130.000000, 1501230.000000,       0.000000,       0.000000,
   567,    8150.000000, 1499430.000000,       0.000000,       0.000000,
   568,    8170.000000, 1521700.000000,       0.000000,       0.000000,
   569,    8190.000000, 1495970.000000,       0.000000,       0.000000,
   570,    8210.000000, 1466475.000000,       0.000000,       0.000000,
   571,    8230.000000, 1525065.000000,       0.000000,       0.000000,
   572,    8250.000000, 1530690.000000,       0.000000,       0.000000,
   573,    8270.000000, 1559625.000000,       0.000000,       0.000000,
   574,    8290.000000, 1530590.000000,       0.000000,       0.000000,
   575,    8310.000000, 1412790.000000,       0.000000,       0.000000,
   576,    8330.000000, 1461230.000000,       0.000000,       0.000000,
   577,    8350.000000, 1443350.000000,       0.000000,       0.000000,
   578,    8370.000000, 1481600.000000,       0.000000,       0.000000,
   579,    8390.000000, 1423840.000000,       0.000000,       0.000000,
   580,    8410.000000, 1501525.000000,       0.000000,       0.000000,
   581,    8430.000000, 1441690.000000,       0.000000,       0.000000,
   582,    8450.000000, 1481540.000000,       0.000000,       0.000000,
   583,    8470.000000, 1483850.000000,       0.000000,       0.000000,
   584,    8490.000000, 1419660.000000,       0.000000,       0.000000,
   585,    8510.000000, 1323935.000000,       0.000000,       0.000000,
   586,    8530.000000, 1338470.000000,       0.000000,       0.000000,
   587,    8550.000000, 1005205.000000,       0.000000,       0.000000,
   588,    8570.000000, 1473785.000000,       0.000000,       0.000000,
   589,    8590.000000, 1469735.000000,       0.000000,       0.000000,
   590,    8610.000000, 1490385.000000,       0.000000,       0.000000,
   591,    8630.000000, 1503185.000000,       0.000000,       0.000000,
   592,    8650.000000, 1437460.000000,       0.000000,       0.000000,
   593,    8670.000000, 1068810.000000,       0.000000,       0.000000,
   594,    8690.000000, 1412860.000000,       0.000000,       0.000000,
   595,    8710.000000, 1491440.000000,       0.000000,       0.000000,
   596,    8730.000000, 1503180.000000,       0.000000,       0.000000,
   597,    8750.000000, 1502415.000000,       0.000000,       0.000000,
   598,    8770.000000, 1524640.000000,       0.000000,       0.000000,
   599,    8790.000000, 1505135.000000,       0.000000,       0.000000,
   600,    8810.000000, 1431760.000000,       0.000000,       0.000000,
   601,    8830.000000, 1496235.000000,       0.000000,       0.000000,
   602,    8850.000000, 1530055.000000,       0.000000,       0.000000,
   603,    8870.000000, 1486335.000000,       0.000000,       0.000000,
   604,    8890.000000, 1507690.000000,       0.000000,       0.000000,
   605,    8910.000000, 1544800.000000,       0.000000,       0.000000,
   606,    8930.000000, 1470540.000000,       0.000000,       0.000000,
   607,    8950.000000, 1477970.000000,       0.000000,       0.000000,
   608,    8970.000000, 1482830.000000,       0.000000,       0.000000,
   609,    8990.000000, 1486290.000000,       0.000000,       0.000000,
   610,    9010.000000, 1432320.000000,       0.000000,       0.000000,
   611,    9030.000000, 1471600.000000,       0.000000,       0.000000,
   612,    9050.000000, 1532030.000000,       0.000000,       0.000000,
   613,    9070.000000, 1522815.000000,       0.000000,       0.000000,
   614,    9090.000000, 1434000.000000,       0.000000,       0.000000,
   615,    9110.000000, 1410715.000000,       0.000000,       0.000000,
   616,    9130.000000, 1488085.000000,       0.000000,       0.000000,
   617,    9150.000000, 1339460.000000,       0.000000,       0.000000,
   618,    9170.000000, 1293615.000000,       0.000000,       0.000000,
   619,    9190.000000, 1332620.000000,       0.000000,       0.000000,
   620,    9210.000000, 1276430.000000,       0.000000,       0.000000,
   621,    9230.000000, 1328040.000000,       0.000000,       0.000000,
   622,    9250.000000, 1297840.000000,       0.000000,       0.000000,
   623,    9270.000000, 1339245.000000,       0.000000,       0.000000,
   624,    9290.000000, 1311570.000000,       0.000000,       0.000000,
   625,    9310.000000, 1377005.000000,       0.000000,       0.000000,
   626,    9330.000000, 1375220.000000,       0.000000,       0.000000,
   627,    9350.000000, 1350060.000000,       0.000000,       0.000000,
   628,    9370.000000, 1337005.000000,       0.000000,       0.000000,
   629,    9390.000000, 1294445.000000,       0.000000,       0.000000,
   630,    9410.000000, 1244045.000000,       0.000000,       0.000000,
   631,    9430.000000, 1279740.000000,       0.000000,       0.000000,
   632,    9450.000000, 1234230.000000,       0.000000,       0.000000,
   633,    9470.000000, 1304570.000000,       0.000000,       0.000000,
   634,    9490.000000, 1292680.000000,       0.000000,       0.000000,
   635,    9510.000000, 1324010.000000,       0.000000,       0.000000,
   636,    9530.000000, 1320780.000000,       0.000000,       0.000000,
   637,    9550.000000, 1298770.000000,       0.000000,       0.000000,
   638,    9570.000000, 1302420.000000,       0.000000,       0.000000,
   639,    9590.000000, 1340990.000000,       0.000000,       0.000000,
   640,    9610.000000, 1310505.000000,       0.000000,       0.000000,
   641,    9630.000000, 1306510.000000,       0.000000,       0.000000,
   642,    9650.000000, 1259065.000000,       0.000000,       0.000000,
   643,    9670.000000, 1243570.000000,       0.000000,       0.000000,
   644,    9690.000000, 1287675.000000,       0.000000,       0.000000,
   645,    9710.000000, 1274585.000000,       0.000000,       0.000000,
   646,    9730.000000, 1285345.000000,       0.000000,       0.000000,
   647,    9750.000000, 1273560.000000,       0.000000,       0.000000,
   648,    9770.000000, 1280270.000000,       0.000000,       0.000000,
   649,    9790.000000, 1239690.000000,       0.000000,       0.000000,
   650,    9810.000000, 1309935.000000,       0.000000,       0.000000,
   651,    9830.000000, 1290635.000000,       0.000000,       0.000000,
   652,    9850.000000, 1320595.000000,       0.000000,       0.000000,
   653,    9870.000000, 1320240.000000,       0.000000,       0.000000,
   654,    9890.000000, 1330500.000000,       0.000000,       0.000000,
   655,    9910.000000, 1303215.000000,       0.000000,       0.000000,
   656,    9930.000000, 1327065.000000,       0.000000,       0.000000,
   657,    9950.000000, 1307390.000000,       0.000000,       0.000000,
   658,    9970.000000, 1328110.000000,       0.000000,       0.000000,
   659,    9990.000000, 1327500.000000,       0.000000,       0.000000,
   660,   10025.000000, 1309230.000000,       0.000000,       0.000000,
   661,   10075.000000, 1296635.000000,       0.000000,       0.000000,
   662,   10125.000000, 1316040.000000,       0.000000,       0.000000,
   663,   10175.000000, 1289745.000000,       0.000000,       0.000000,
   664,   10225.000000, 1303285.000000,       0.000000,       0.000000,
   665,   10275.000000, 1312970.000000,       0.000000,       0.000000,
   666,   10325.000000, 1282775.000000,       0.000000,       0.000000,
   667,   10375.000000, 1276060.000000,       0.000000,       0.000000,
   668,   10425.000000, 1284280.000000,       0.000000,       0.000000,
   669,   10475.000000, 1273270.000000,       0.000000,       0.000000,
   670,   10525.000000, 1278765.000000,       0.000000,       0.000000,
   671,   10575.000000, 1259930.000000,       0.000000,       0.000000,
   672,   10625.000000, 1259245.000000,       0.000000,       0.000000,
   673,   10675.000000, 1224485.000000,       0.000000,       0.000000,
   674,   10725.000000, 1223805.000000,       0.000000,       0.000000,
   675,   10775.000000, 1216350.000000,       0.000000,       0.000000,
   676,   10825.000000, 1188680.000000,       0.000000,       0.000000,
   677,   10875.000000, 1161285.000000,       0.000000,       0.000000,
   678,   10925.000000, 1145000.000000,       0.000000,       0.000000,
   679,   10975.000000, 1039185.000000,       0.000000,       0.000000,
   680,   11025.000000, 1040935.000000,       0.000000,       0.000000,
   681,   11075.000000, 1064330.000000,       0.000000,       0.000000,
   682,   11125.000000, 1067280.000000,       0.000000,       0.000000,
   683,   11175.000000, 1090585.000000,       0.000000,       0.000000,
   684,   11225.000000, 1083005.000000,       0.000000,       0.000000,
   685,   11275.000000, 1059270.000000,       0.000000,       0.000000,
   686,   11325.000000, 1073010.000000,       0.000000,       0.000000,
   687,   11375.000000, 1044320.000000,       0.000000,       0.000000,
   688,   11425.000000, 1060800.000000,       0.000000,       0.000000,
   689,   11475.000000, 1085605.000000,       0.000000,       0.000000,
   690,   11525.000000, 1081515.000000,       0.000000,       0.000000,
   691,   11575.000000, 1068070.000000,       0.000000,       0.000000,
   692,   11625.000000, 1055015.000000,       0.000000,       0.000000,
   693,   11675.000000, 1056195.000000,       0.000000,       0.000000,
   694,   11725.000000, 1080925.000000,       0.000000,       0.000000,
   695,   11775.000000, 1057730.000000,       0.000000,       0.000000,
   696,   11825.000000, 1050720.000000,       0.000000,       0.000000,
   697,   11875.000000, 1035945.000000,       0.000000,       0.000000,
   698,   11925.000000, 1065040.000000,       0.000000,       0.000000,
   699,   11975.000000, 1004264.000000,       0.000000,       0.000000,
   700,   12025.000000, 1034390.000000,       0.000000,       0.000000,
   701,   12075.000000, 1018795.000000,       0.000000,       0.000000,
   702,   12125.000000, 1024415.000000,       0.000000,       0.000000,
   703,   12175.000000, 1034905.000000,       0.000000,       0.000000,
   704,   12225.000000, 1031305.000000,       0.000000,       0.000000,
   705,   12275.000000, 1024700.000000,       0.000000,       0.000000,
   706,   12325.000000, 1009230.000000,       0.000000,       0.000000,
   707,   12375.000000, 1008735.000000,       0.000000,       0.000000,
   708,   12425.000000,  996458.500000,       0.000000,       0.000000,
   709,   12475.000000, 1005344.500000,       0.000000,       0.000000,
   710,   12525.000000,  992376.500000,       0.000000,       0.000000,
   711,   12575.000000,  993875.500000,       0.000000,       0.000000,
   712,   12625.000000,  994232.000000,       0.000000,       0.000000,
   713,   12675.000000,  973670.500000,       0.000000,       0.000000,
   714,   12725.000000,  977492.000000,       0.000000,       0.000000,
   715,   12775.000000,  987433.500000,       0.000000,       0.000000,
   716,   12825.000000,  936323.000000,       0.000000,       0.000000,
   717,   12875.000000,  959780.000000,       0.000000,       0.000000,
   718,   12925.000000,  940213.000000,       0.000000,       0.000000,
   719,   12975.000000,  963437.000000,       0.000000,       0.000000,
   720,   13025.000000,  938878.000000,       0.000000,       0.000000,
   721,   13075.000000,  954992.500000,       0.000000,       0.000000,
   722,   13125.000000,  929699.500000,       0.000000,       0.000000,
   723,   13175.000000,  931598.000000,       0.000000,       0.000000,
   724,   13225.000000,  934464.500000,       0.000000,       0.000000,
   725,   13275.000000,  910518.000000,       0.000000,       0.000000,
   726,   13325.000000,  927037.000000,       0.000000,       0.000000,
   727,   13375.000000,  916844.000000,       0.000000,       0.000000,
   728,   13425.000000,  924586.000000,       0.000000,       0.000000,
   729,   13475.000000,  918785.000000,       0.000000,       0.000000,
   730,   13525.000000,  917524.000000,       0.000000,       0.000000,
   731,   13575.000000,  895894.500000,       0.000000,       0.000000,
   732,   13625.000000,  891523.000000,       0.000000,       0.000000,
   733,   13675.000000,  895844.000000,       0.000000,       0.000000,
   734,   13725.000000,  900978.000000,       0.000000,       0.000000,
   735,   13775.000000,  894131.000000,       0.000000,       0.000000,
   736,   13825.000000,  897629.500000,       0.000000,       0.000000,
   737,   13875.000000,  886230.500000,       0.000000,       0.000000,
   738,   13925.000000,  880956.000000,       0.000000,       0.000000,
   739,   13975.000000,  871490.000000,       0.000000,       0.000000,
   740,   14025.000000,  857463.500000,       0.000000,       0.000000,
   741,   14075.000000,  831234.500000,       0.000000,       0.000000,
   742,   14125.000000,  790381.000000,       0.000000,       0.000000,
   743,   14175.000000,  794208.000000,       0.000000,       0.000000,
   744,   14225.000000,  791976.500000,       0.000000,       0.000000,
   745,   14275.000000,  774365.500000,       0.000000,       0.000000,
   746,   14325.000000,  797021.500000,       0.000000,       0.000000,
   747,   14375.000000,  805251.000000,       0.000000,       0.000000,
   748,   14425.000000,  768538.000000,       0.000000,       0.000000,
   749,   14475.000000,  806183.000000,       0.000000,       0.000000,
   750,   14525.000000,  771429.000000,       0.000000,       0.000000,
   751,   14570.000000,  770505.000000,       0.000000,       0.000000,
   752,   14620.000000,  750932.000000,       0.000000,       0.000000,
   753,   14675.000000,  747841.000000,       0.000000,       0.000000,
   754,   14725.000000,  736760.000000,       0.000000,       0.000000,
   755,   14775.000000,  747926.000000,       0.000000,       0.000000,
   756,   14825.000000,  749540.000000,       0.000000,       0.000000,
   757,   14875.000000,  749966.500000,       0.000000,       0.000000,
   758,   14925.000000,  769320.500000,       0.000000,       0.000000,
   759,   14975.000000,  761512.000000,       0.000000,       0.000000,
   760,   15025.000000,  744145.000000,       0.000000,       0.000000,
   761,   15075.000000,  732627.500000,       0.000000,       0.000000,
   762,   15125.000000,  729068.000000,       0.000000,       0.000000,
   763,   15175.000000,  743093.000000,       0.000000,       0.000000,
   764,   15225.000000,  736635.500000,       0.000000,       0.000000,
   765,   15275.000000,  739644.000000,       0.000000,       0.000000,
   766,   15325.000000,  741145.000000,       0.000000,       0.000000,
   767,   15375.000000,  749584.000000,       0.000000,       0.000000,
   768,   15425.000000,  737734.500000,       0.000000,       0.000000,
   769,   15475.000000,  743271.000000,       0.000000,       0.000000,
   770,   15525.000000,  723001.000000,       0.000000,       0.000000,
   771,   15575.000000,  699117.500000,       0.000000,       0.000000,
   772,   15625.000000,  724994.500000,       0.000000,       0.000000,
   773,   15675.000000,  709253.000000,       0.000000,       0.000000,
   774,   15725.000000,  725226.500000,       0.000000,       0.000000,
   775,   15775.000000,  664865.000000,       0.000000,       0.000000,
   776,   15825.000000,  683340.000000,       0.000000,       0.000000,
   777,   15875.000000,  663585.500000,       0.000000,       0.000000,
   778,   15925.000000,  682599.000000,       0.000000,       0.000000,
   779,   15975.000000,  680591.000000,       0.000000,       0.000000,
   780,   16050.000000,  674289.500000,       0.000000,       0.000000,
   781,   16150.000000,  675527.000000,       0.000000,       0.000000,
   782,   16250.000000,  666917.000000,       0.000000,       0.000000,
   783,   16350.000000,  681332.500000,       0.000000,       0.000000,
   784,   16450.000000,  637211.000000,       0.000000,       0.000000,
   785,   16550.000000,  662062.500000,       0.000000,       0.000000,
   786,   16650.000000,  626819.000000,       0.000000,       0.000000,
   787,   16750.000000,  639814.000000,       0.000000,       0.000000,
   788,   16850.000000,  607562.500000,       0.000000,       0.000000,
   789,   16950.000000,  626594.000000,       0.000000,       0.000000,
   790,   17050.000000,  599088.000000,       0.000000,       0.000000,
   791,   17150.000000,  603489.500000,       0.000000,       0.000000,
   792,   17250.000000,  585846.500000,       0.000000,       0.000000,
   793,   17350.000000,  564038.000000,       0.000000,       0.000000,
   794,   17450.000000,  571510.500000,       0.000000,       0.000000,
   795,   17550.000000,  554870.500000,       0.000000,       0.000000,
   796,   17650.000000,  554568.500000,       0.000000,       0.000000,
   797,   17750.000000,  535513.000000,       0.000000,       0.000000,
   798,   17850.000000,  535394.500000,       0.000000,       0.000000,
   799,   17950.000000,  527779.500000,       0.000000,       0.000000,
   800,   18050.000000,  508928.000000,       0.000000,       0.000000,
   801,   18150.000000,  508819.000000,       0.000000,       0.000000,
   802,   18250.000000,  495159.500000,       0.000000,       0.000000,
   803,   18350.000000,  484563.000000,       0.000000,       0.000000,
   804,   18450.000000,  474682.500000,       0.000000,       0.000000,
   805,   18550.000000,  471280.500000,       0.000000,       0.000000,
   806,   18650.000000,  455344.500000,       0.000000,       0.000000,
   807,   18750.000000,  448898.000000,       0.000000,       0.000000,
   808,   18850.000000,  444524.500000,       0.000000,       0.000000,
   809,   18950.000000,  420924.500000,       0.000000,       0.000000,
   810,   19050.000000,  436008.000000,       0.000000,       0.000000,
   811,   19150.000000,  423103.500000,       0.000000,       0.000000,
   812,   19250.000000,  421800.000000,       0.000000,       0.000000,
   813,   19350.000000,  404939.500000,       0.000000,       0.000000,
   814,   19450.000000,  397351.000000,       0.000000,       0.000000,
   815,   19550.000000,  399210.000000,       0.000000,       0.000000,
   816,   19650.000000,  385601.000000,       0.000000,       0.000000,
   817,   19750.000000,  371497.000000,       0.000000,       0.000000,
   818,   19850.000000,  370230.500000,       0.000000,       0.000000,
   819,   19950.000000,  363418.500000,       0.000000,       0.000000,
   820,   20050.000000,  364183.500000,       0.000000,       0.000000,
   821,   20150.000000,  360174.500000,       0.000000,       0.000000,
   822,   20250.000000,  345702.500000,       0.000000,       0.000000,
   823,   20350.000000,  340903.000000,       0.000000,       0.000000,
   824,   20450.000000,  341504.500000,       0.000000,       0.000000,
   825,   20550.000000,  330236.500000,       0.000000,       0.000000,
   826,   20650.000000,  324457.000000,       0.000000,       0.000000,
   827,   20750.000000,  319298.500000,       0.000000,       0.000000,
   828,   20850.000000,  314185.000000,       0.000000,       0.000000,
   829,   20950.000000,  306768.000000,       0.000000,       0.000000,
   830,   21050.000000,  307826.500000,       0.000000,       0.000000,
   831,   21150.000000,  301848.500000,       0.000000,       0.000000,
   832,   21250.000000,  295351.500000,       0.000000,       0.000000,
   833,   21350.000000,  294169.500000,       0.000000,       0.000000,
   834,   21450.000000,  287474.500000,       0.000000,       0.000000,
   835,   21550.000000,  282874.000000,       0.000000,       0.000000,
   836,   21650.000000,  276722.500000,       0.000000,       0.000000,
   837,   21750.000000,  270385.000000,       0.000000,       0.000000,
   838,   21850.000000,  268803.500000,       0.000000,       0.000000,
   839,   21950.000000,  266629.500000,       0.000000,       0.000000,
   840,   22050.000000,  257367.500000,       0.000000,       0.000000,
   841,   22150.000000,  260608.000000,       0.000000,       0.000000,
   842,   22250.000000,  250767.000000,       0.000000,       0.000000,
   843,   22350.000000,  247823.500000,       0.000000,       0.000000,
   844,   22450.000000,  244166.500000,       0.000000,       0.000000,
   845,   22550.000000,  241391.000000,       0.000000,       0.000000,
   846,   22650.000000,  234572.000000,       0.000000,       0.000000,
   847,   22750.000000,  236725.000000,       0.000000,       0.000000,
   848,   22850.000000,  229224.500000,       0.000000,       0.000000,
   849,   22950.000000,  191972.500000,       0.000000,       0.000000,
   850,   23050.000000,  208310.000000,       0.000000,       0.000000,
   851,   23150.000000,  205987.000000,       0.000000,       0.000000,
   852,   23250.000000,  175241.000000,       0.000000,       0.000000,
   853,   23350.000000,  189497.000000,       0.000000,       0.000000,
   854,   23450.000000,  183883.000000,       0.000000,       0.000000,
   855,   23550.000000,  155996.500000,       0.000000,       0.000000,
   856,   23650.000000,  175324.000000,       0.000000,       0.000000,
   857,   23750.000000,  167926.500000,       0.000000,       0.000000,
   858,   23850.000000,  146536.500000,       0.000000,       0.000000,
   859,   23950.000000,  161794.000000,       0.000000,       0.000000,
   860,   24050.000000,  159481.000000,       0.000000,       0.000000,
   861,   24150.000000,  142008.000000,       0.000000,       0.000000,
   862,   24250.000000,  152633.000000,       0.000000,       0.000000,
   863,   24350.000000,  151887.000000,       0.000000,       0.000000,
   864,   24450.000000,  140778.500000,       0.000000,       0.000000,
   865,   24550.000000,  141640.000000,       0.000000,       0.000000,
   866,   24650.000000,  147899.500000,       0.000000,       0.000000,
   867,   24750.000000,  141171.500000,       0.000000,       0.000000,
   868,   24850.000000,  132232.000000,       0.000000,       0.000000,
   869,   24950.000000,  138518.000000,       0.000000,       0.000000,
   870,   25050.000000,  141208.000000,       0.000000,       0.000000,
   871,   25150.000000,  128301.000000,       0.000000,       0.000000,
   872,   25250.000000,  134415.500000,       0.000000,       0.000000,
   873,   25350.000000,  135128.000000,       0.000000,       0.000000,
   874,   25450.000000,  131608.000000,       0.000000,       0.000000,
   875,   25550.000000,  129001.500000,       0.000000,       0.000000,
   876,   25650.000000,  129746.500000,       0.000000,       0.000000,
   877,   25750.000000,  131217.500000,       0.000000,       0.000000,
   878,   25850.000000,  121522.500000,       0.000000,       0.000000,
   879,   25950.000000,  124319.000000,       0.000000,       0.000000,
   880,   26050.000000,  126789.000000,       0.000000,       0.000000,
   881,   26150.000000,  123179.500000,       0.000000,       0.000000,
   882,   26250.000000,  120644.000000,       0.000000,       0.000000,
   883,   26350.000000,  121816.000000,       0.000000,       0.000000,
   884,   26450.000000,  120745.500000,       0.000000,       0.000000,
   885,   26550.000000,  116545.500000,       0.000000,       0.000000,
   886,   26650.000000,  114686.000000,       0.000000,       0.000000,
   887,   26750.000000,  119882.000000,       0.000000,       0.000000,
   888,   26850.000000,  117705.500000,       0.000000,       0.000000,
   889,   26950.000000,  112393.000000,       0.000000,       0.000000,
   890,   27050.000000,  115104.000000,       0.000000,       0.000000,
   891,   27150.000000,  113726.000000,       0.000000,       0.000000,
   892,   27250.000000,  114234.500000,       0.000000,       0.000000,
   893,   27350.000000,  109027.000000,       0.000000,       0.000000,
   894,   27450.000000,  110856.500000,       0.000000,       0.000000,
   895,   27550.000000,  111097.500000,       0.000000,       0.000000,
   896,   27650.000000,  108933.000000,       0.000000,       0.000000,
   897,   27750.000000,  105196.500000,       0.000000,       0.000000,
   898,   27850.000000,  106320.000000,       0.000000,       0.000000,
   899,   27950.000000,  105924.500000,       0.000000,       0.000000,
   900,   28050.000000,  103933.000000,       0.000000,       0.000000,
   901,   28150.000000,  102000.500000,       0.000000,       0.000000,
   902,   28250.000000,  102223.500000,       0.000000,       0.000000,
   903,   28350.000000,  102727.000000,       0.000000,       0.000000,
   904,   28450.000000,  100889.000000,       0.000000,       0.000000,
   905,   28550.000000,   99370.097656,       0.000000,       0.000000,
   906,   28650.000000,   98645.500000,       0.000000,       0.000000,
   907,   28750.000000,   98158.750000,       0.000000,       0.000000,
   908,   28850.000000,   96829.949219,       0.000000,       0.000000,
   909,   28950.000000,   95986.851562,       0.000000,       0.000000,
   910,   29050.000000,   94653.050781,       0.000000,       0.000000,
   911,   29150.000000,   94332.851562,       0.000000,       0.000000,
   912,   29250.000000,   91430.050781,       0.000000,       0.000000,
   913,   29350.000000,   91789.851562,       0.000000,       0.000000,
   914,   29450.000000,   90177.203125,       0.000000,       0.000000,
   915,   29550.000000,   89742.652344,       0.000000,       0.000000,
   916,   29650.000000,   88626.199219,       0.000000,       0.000000,
   917,   29750.000000,   88320.847656,       0.000000,       0.000000,
   918,   29850.000000,   87201.601562,       0.000000,       0.000000,
   919,   29950.000000,   85933.550781,       0.000000,       0.000000,
   920,   30050.000000,   84513.550781,       0.000000,       0.000000,
   921,   30150.000000,   84768.250000,       0.000000,       0.000000,
   922,   30250.000000,   83545.847656,       0.000000,       0.000000,
   923,   30350.000000,   82329.550781,       0.000000,       0.000000,
   924,   30450.000000,   80704.902344,       0.000000,       0.000000,
   925,   30550.000000,   80871.652344,       0.000000,       0.000000,
   926,   30650.000000,   79739.300781,       0.000000,       0.000000,
   927,   30750.000000,   79179.699219,       0.000000,       0.000000,
   928,   30850.000000,   76978.949219,       0.000000,       0.000000,
   929,   30950.000000,   76523.550781,       0.000000,       0.000000,
   930,   31050.000000,   76615.648438,       0.000000,       0.000000,
   931,   31150.000000,   74761.750000,       0.000000,       0.000000,
   932,   31250.000000,   74768.199219,       0.000000,       0.000000,
   933,   31350.000000,   72887.097656,       0.000000,       0.000000,
   934,   31450.000000,   72974.699219,       0.000000,       0.000000,
   935,   31550.000000,   72034.050781,       0.000000,       0.000000,
   936,   31650.000000,   71034.300781,       0.000000,       0.000000,
   937,   31750.000000,   70417.500000,       0.000000,       0.000000,
   938,   31850.000000,   69365.097656,       0.000000,       0.000000,
   939,   31950.000000,   68867.000000,       0.000000,       0.000000,
   940,   32100.000000,   67970.750000,       0.000000,       0.000000,
   941,   32300.000000,   65569.847656,       0.000000,       0.000000,
   942,   32500.000000,   64624.500000,       0.000000,       0.000000,
   943,   32700.000000,   63045.449219,       0.000000,       0.000000,
   944,   32900.000000,   61207.550781,       0.000000,       0.000000,
   945,   33100.000000,   60270.650391,       0.000000,       0.000000,
   946,   33300.000000,   58478.699219,       0.000000,       0.000000,
   947,   33500.000000,   57676.800781,       0.000000,       0.000000,
   948,   33700.000000,   56440.250000,       0.000000,       0.000000,
   949,   33900.000000,   54542.000000,       0.000000,       0.000000,
   950,   34100.000000,   53677.300781,       0.000000,       0.000000,
   951,   34300.000000,   52921.900391,       0.000000,       0.000000,
   952,   34500.000000,   51316.250000,       0.000000,       0.000000,
   953,   34700.000000,   50574.650391,       0.000000,       0.000000,
   954,   34900.000000,   49625.500000,       0.000000,       0.000000,
   955,   35100.000000,   48370.500000,       0.000000,       0.000000,
   956,   35300.000000,   47154.300781,       0.000000,       0.000000,
   957,   35500.000000,   46576.650391,       0.000000,       0.000000,
   958,   35700.000000,   45262.550781,       0.000000,       0.000000,
   959,   35900.000000,   44246.650391,       0.000000,       0.000000,
   960,   36100.000000,   43857.500000,       0.000000,       0.000000,
   961,   36300.000000,   42746.550781,       0.000000,       0.000000,
   962,   36500.000000,   41610.601562,       0.000000,       0.000000,
   963,   36700.000000,   40843.650391,       0.000000,       0.000000,
   964,   36900.000000,   39642.599609,       0.000000,       0.000000,
   965,   37100.000000,   38517.050781,       0.000000,       0.000000,
   966,   37300.000000,   38102.349609,       0.000000,       0.000000,
   967,   37500.000000,   36929.550781,       0.000000,       0.000000,
   968,   37700.000000,   36594.400391,       0.000000,       0.000000,
   969,   37900.000000,   35999.400391,       0.000000,       0.000000,
   970,   38100.000000,   35270.800781,       0.000000,       0.000000,
   971,   38300.000000,   34876.400391,       0.000000,       0.000000,
   972,   38500.000000,   34220.150391,       0.000000,       0.000000,
   973,   38700.000000,   33413.400391,       0.000000,       0.000000,
   974,   38900.000000,   32661.100586,       0.000000,       0.000000,
   975,   39100.000000,   32310.599609,       0.000000,       0.000000,
   976,   39300.000000,   31661.849609,       0.000000,       0.000000,
   977,   39500.000000,   30766.150391,       0.000000,       0.000000,
   978,   39700.000000,   30313.500000,       0.000000,       0.000000,
   979,   39900.000000,   29196.350586,       0.000000,       0.000000,
   980,   40100.000000,   28649.299805,       0.000000,       0.000000,
   981,   40300.000000,   28510.649414,       0.000000,       0.000000,
   982,   40500.000000,   27265.099609,       0.000000,       0.000000,
   983,   40700.000000,   27152.399414,       0.000000,       0.000000,
   984,   40900.000000,   26102.700195,       0.000000,       0.000000,
   985,   41100.000000,   26190.500000,       0.000000,       0.000000,
   986,   41300.000000,   25167.700195,       0.000000,       0.000000,
   987,   41500.000000,   25104.000000,       0.000000,       0.000000,
   988,   41700.000000,   24166.150391,       0.000000,       0.000000,
   989,   41900.000000,   24154.900391,       0.000000,       0.000000,
   990,   42100.000000,   23267.000000,       0.000000,       0.000000,
   991,   42300.000000,   23303.299805,       0.000000,       0.000000,
   992,   42500.000000,   22578.750000,       0.000000,       0.000000,
   993,   42700.000000,   22370.849609,       0.000000,       0.000000,
   994,   42900.000000,   20673.549805,       0.000000,       0.000000,
   995,   43100.000000,   19490.399414,       0.000000,       0.000000,
   996,   43300.000000,   20121.549805,       0.000000,       0.000000,
   997,   43500.000000,   18466.350586,       0.000000,       0.000000,
   998,   43700.000000,   18111.200195,       0.000000,       0.000000,
   999,   43900.000000,   17627.049805,       0.000000,       0.000000,
  1000,   44100.000000,   15937.199707,       0.000000,       0.000000,
  1001,   44300.000000,   16277.949707,       0.000000,       0.000000,
  1002,   44500.000000,   15534.800293,       0.000000,       0.000000,
  1003,   44700.000000,   14604.500000,       0.000000,       0.000000,
  1004,   44900.000000,   15089.300293,       0.000000,       0.000000,
  1005,   45100.000000,   14479.399902,       0.000000,       0.000000,
  1006,   45300.000000,   13612.500000,       0.000000,       0.000000,
  1007,   45500.000000,   14083.199707,       0.000000,       0.000000,
  1008,   45700.000000,   13701.500000,       0.000000,       0.000000,
  1009,   45900.000000,   12798.800293,       0.000000,       0.000000,
  1010,   46100.000000,   13332.699707,       0.000000,       0.000000,
  1011,   46300.000000,   12748.450195,       0.000000,       0.000000,
  1012,   46500.000000,   12680.750000,       0.000000,       0.000000,
  1013,   46700.000000,   12622.050293,       0.000000,       0.000000,
  1014,   46900.000000,   12360.300293,       0.000000,       0.000000,
  1015,   47100.000000,   12053.149902,       0.000000,       0.000000,
  1016,   47300.000000,   12281.500000,       0.000000,       0.000000,
  1017,   47500.000000,   11934.200195,       0.000000,       0.000000,
  1018,   47700.000000,   11822.299805,       0.000000,       0.000000,
  1019,   47900.000000,   11552.850098,       0.000000,       0.000000,
  1020,   48100.000000,   11283.799805,       0.000000,       0.000000,
  1021,   48300.000000,   11550.850098,       0.000000,       0.000000,
  1022,   48500.000000,   11287.549805,       0.000000,       0.000000,
  1023,   48700.000000,   10955.250000,       0.000000,       0.000000,
  1024,   48900.000000,   11008.949707,       0.000000,       0.000000,
  1025,   49100.000000,   10731.699707,       0.000000,   10555.799805,
  1026,   49300.000000,   10617.949707,       0.000000,       0.000000,
  1027,   49500.000000,   10399.800293,       0.000000,       0.000000,
  1028,   49700.000000,   10511.449707,       0.000000,       0.000000,
  1029,   49900.000000,   10233.700195,       0.000000,       0.000000,
  1030,   50100.000000,    9968.334961,       0.000000,       0.000000,
  1031,   50300.000000,   10163.899902,       0.000000,   10019.000000,
  1032,   50500.000000,    9829.604980,       0.000000,    9674.790039,
  1033,   50700.000000,    9764.885254,       0.000000,    9615.610352,
  1034,   50900.000000,    9646.495117,       0.000000,    9494.830078,
  1035,   51100.000000,    9475.044922,       0.000000,    9329.620117,
  1036,   51300.000000,    9328.944824,       0.000000,    9170.120117,
  1037,   51500.000000,    9240.649902,       0.000000,    9091.219727,
  1038,   51700.000000,    9287.474609,       0.000000,    9155.059570,
  1039,   51900.000000,    9128.339844,       0.000000,    9004.629883,
  1040,   52100.000000,    8889.759766,       0.000000,    8757.009766,
  1041,   52300.000000,    8852.614746,       0.000000,    8725.969727,
  1042,   52500.000000,    8828.009766,       0.000000,    8709.639648,
  1043,   52700.000000,    8950.425293,       0.000000,    8857.980469,
  1044,   52900.000000,    8495.700195,       0.000000,    8377.570312,
  1045,   53100.000000,    8392.675293,       0.000000,    8273.160156,
  1046,   53300.000000,    8374.564941,       0.000000,    8266.089844,
  1047,   53500.000000,    8274.159668,       0.000000,    8170.049805,
  1048,   53700.000000,    8185.079834,       0.000000,    8083.439941,
  1049,   53900.000000,    8107.004883,       0.000000,    8006.700195,
  1050,   54100.000000,    8040.354980,       0.000000,    7943.879883,
  1051,   54300.000000,    7856.594971,       0.000000,    7758.209961,
  1052,   54500.000000,    7908.370117,       0.000000,    7824.910156,
  1053,   54700.000000,    7676.955078,       0.000000,    7578.430176,
  1054,   54900.000000,    7703.239990,       0.000000,    7629.180176,
  1055,   55100.000000,    7500.935059,       0.000000,    7407.620117,
  1056,   55300.000000,    7669.510010,       0.000000,    7604.339844,
  1057,   55500.000000,    7378.709961,       0.000000,    7306.120117,
  1058,   55700.000000,    7433.219971,       0.000000,    7362.669922,
  1059,   55900.000000,    7258.120117,       0.000000,    7189.160156,
  1060,   56100.000000,    7299.229980,       0.000000,    7246.200195,
  1061,   56300.000000,    7072.925049,       0.000000,    7008.450195,
  1062,   56500.000000,    7111.040039,       0.000000,    7053.330078,
  1063,   56700.000000,    7009.985107,       0.000000,    6953.850098,
  1064,   56900.000000,    6804.580078,       0.000000,    6736.100098,
  1065,   57100.000000,    6862.080078,       0.000000,    6808.350098,
  1066,   57300.000000,    6812.084961,       0.000000,    6765.500000,
  1067,   57500.000000,    6698.979980,       0.000000,    6646.850098,
  1068,   57700.000000,    6621.949951,       0.000000,    6574.589844,
  1069,   57900.000000,    6607.859863,       0.000000,    6567.459961,
  1070,   58100.000000,    6498.219971,       0.000000,    6459.830078,
  1071,   58300.000000,    6435.864990,       0.000000,    6398.509766,
  1072,   58500.000000,    6373.219971,       0.000000,    6334.799805,
  1073,   58700.000000,    6237.695068,       0.000000,    6193.959961,
  1074,   58900.000000,    6187.100098,       0.000000,    6150.990234,
  1075,   59100.000000,    6140.010010,       0.000000,    6101.990234,
  1076,   59300.000000,    6093.840088,       0.000000,    6063.680176,
  1077,   59500.000000,    5964.729980,       0.000000,    5927.540039,
  1078,   59700.000000,    5971.445068,       0.000000,    5942.750000,
  1079,   59900.000000,    5907.225098,       0.000000,    5881.080078,
  1080,   60100.000000,    5838.244873,       0.000000,    5811.859863,
  1081,   60300.000000,    5761.920166,       0.000000,    5735.140137,
  1082,   60500.000000,    5668.004883,       0.000000,    5639.339844,
  1083,   60700.000000,    5614.864990,       0.000000,    5591.089844,
  1084,   60900.000000,    5533.500000,       0.000000,    5504.549805,
  1085,   61100.000000,    5466.810059,       0.000000,    5441.430176,
  1086,   61300.000000,    5434.054932,       0.000000,    5411.299805,
  1087,   61500.000000,    5393.684814,       0.000000,    5375.359863,
  1088,   61700.000000,    5364.169922,       0.000000,    5354.319824,
  1089,   61900.000000,    5292.395020,       0.000000,    5277.890137,
  1090,   62100.000000,    5256.755127,       0.000000,    5246.790039,
  1091,   62300.000000,    5161.035156,       0.000000,    5147.640137,
  1092,   62500.000000,    5079.395020,       0.000000,    5061.310059,
  1093,   62700.000000,    5038.469971,       0.000000,    5021.890137,
  1094,   62900.000000,    4989.294922,       0.000000,    4977.439941,
  1095,   63100.000000,    4913.479980,       0.000000,    4904.109863,
  1096,   63300.000000,    4905.280029,       0.000000,    4896.209961,
  1097,   63500.000000,    4822.479980,       0.000000,    4811.689941,
  1098,   63700.000000,    4821.215088,       0.000000,    4818.200195,
  1099,   63900.000000,    4725.254883,       0.000000,    4719.259766,
  1100,   64200.000000,    4667.484863,       0.000000,    4662.819824,
  1101,   64600.000000,    4551.184814,       0.000000,    4546.759766,
  1102,   65000.000000,    4454.054932,       0.000000,    4451.649902,
  1103,   65400.000000,    4358.125000,       0.000000,    4354.910156,
  1104,   65800.000000,    4280.364990,       0.000000,    4281.410156,
  1105,   66200.000000,    4170.599854,       0.000000,    4170.939941,
  1106,   66600.000000,    4097.124878,       0.000000,    4099.839844,
  1107,   67000.000000,    4007.060059,       0.000000,    4011.340088,
  1108,   67400.000000,    3905.324951,       0.000000,    3907.729980,
  1109,   67800.000000,    3831.675049,       0.000000,    3836.510010,
  1110,   68200.000000,    3746.040039,       0.000000,    3750.979980,
  1111,   68600.000000,    3674.145020,       0.000000,    3681.270020,
  1112,   69000.000000,    3589.055054,       0.000000,    3595.030029,
  1113,   69400.000000,    3510.650024,       0.000000,    3517.729980,
  1114,   69800.000000,    3443.739990,       0.000000,    3451.550049,
  1115,   70200.000000,    3363.930054,       0.000000,    3372.110107,
  1116,   70600.000000,    3297.239990,       0.000000,    3305.969971,
  1117,   71000.000000,    3225.630005,       0.000000,    3233.699951,
  1118,   71400.000000,    3162.170044,       0.000000,    3172.070068,
  1119,   71800.000000,    3091.119995,       0.000000,    3100.580078,
  1120,   72200.000000,    3030.044922,       0.000000,    3040.159912,
  1121,   72600.000000,    2963.760010,       0.000000,    2973.729980,
  1122,   73000.000000,    2905.280029,       0.000000,    2915.000000,
  1123,   73400.000000,    2841.640015,       0.000000,    2851.360107,
  1124,   73800.000000,    2786.925049,       0.000000,    2797.510010,
  1125,   74200.000000,    2718.564941,       0.000000,    2727.939941,
  1126,   74600.000000,    2663.325073,       0.000000,    2671.820068,
  1127,   75000.000000,    2614.935059,       0.000000,    2624.780029,
  1128,   75400.000000,    2534.255005,       0.000000,    2546.909912,
  1129,   75800.000000,    2427.454956,       0.000000,    2442.729980,
  1130,   76200.000000,    2345.850098,       0.000000,    2364.340088,
  1131,   76600.000000,    2259.199951,       0.000000,    2278.399902,
  1132,   77000.000000,    2194.075073,       0.000000,    2213.870117,
  1133,   77400.000000,    2114.510010,       0.000000,    2134.510010,
  1134,   77800.000000,    2051.405029,       0.000000,    2073.530029,
  1135,   78200.000000,    1997.354980,       0.000000,    2017.869995,
  1136,   78600.000000,    1930.519958,       0.000000,    1951.829956,
  1137,   79000.000000,    1902.210022,       0.000000,    1922.640015,
  1138,   79400.000000,    1832.174988,       0.000000,    1852.880005,
  1139,   79800.000000,    1807.705017,       0.000000,    1827.489990,
  1140,   80200.000000,    1772.910034,       0.000000,    1792.680054,
  1141,   80600.000000,    1732.010010,       0.000000,    1751.900024,
  1142,   81000.000000,    1705.929993,       0.000000,    1725.739990,
  1143,   81400.000000,    1687.929993,       0.000000,    1708.140015,
  1144,   81800.000000,    1648.404968,       0.000000,    1667.939941,
  1145,   82200.000000,    1631.625000,       0.000000,    1651.420044,
  1146,   82600.000000,    1602.855042,       0.000000,    1621.160034,
  1147,   83000.000000,    1571.965027,       0.000000,    1591.300049,
  1148,   83400.000000,    1554.239990,       0.000000,    1571.790039,
  1149,   83800.000000,    1526.460022,       0.000000,    1544.540039,
  1150,   84200.000000,    1493.655029,       0.000000,    1510.130005,
  1151,   84600.000000,    1470.194946,       0.000000,    1487.199951,
  1152,   85000.000000,    1457.224976,       0.000000,    1472.189941,
  1153,   85400.000000,    1424.445007,       0.000000,    1440.459961,
  1154,   85800.000000,    1398.475037,       0.000000,    1414.060059,
  1155,   86200.000000,    1379.794983,       0.000000,    1394.270020,
  1156,   86600.000000,    1346.034973,       0.000000,    1360.729980,
  1157,   87000.000000,    1333.184998,       0.000000,    1346.400024,
  1158,   87400.000000,    1317.755005,       0.000000,    1331.000000,
  1159,   87800.000000,    1285.130005,       0.000000,    1297.640015,
  1160,   88200.000000,    1261.269958,       0.000000,    1273.839966,
  1161,   88600.000000,    1243.234985,       0.000000,    1255.880005,
  1162,   89000.000000,    1224.835022,       0.000000,    1236.630005,
  1163,   89400.000000,    1204.494995,       0.000000,    1215.170044,
  1164,   89800.000000,    1181.270020,       0.000000,    1191.989990,
  1165,   90200.000000,    1169.445007,       0.000000,    1180.280029,
  1166,   90600.000000,    1157.220032,       0.000000,    1167.180054,
  1167,   91000.000000,    1132.100037,       0.000000,    1141.790039,
  1168,   91400.000000,    1110.035034,       0.000000,    1119.550049,
  1169,   91800.000000,    1099.715027,       0.000000,    1109.150024,
  1170,   92200.000000,    1072.820007,       0.000000,    1082.920044,
  1171,   92600.000000,    1067.130005,       0.000000,    1075.739990,
  1172,   93000.000000,    1049.279968,       0.000000,    1057.969971,
  1173,   93400.000000,    1033.400024,       0.000000,    1041.800049,
  1174,   93800.000000,    1010.329987,       0.000000,    1019.109985,
  1175,   94200.000000,    1000.768982,       0.000000,    1009.409973,
  1176,   94600.000000,     983.061523,       0.000000,     991.418030,
  1177,   95000.000000,     975.363983,       0.000000,     983.211975,
  1178,   95400.000000,     960.640991,       0.000000,     968.651001,
  1179,   95800.000000,     942.845490,       0.000000,     950.234009,
  1180,   96200.000000,     932.090485,       0.000000,     939.661987,
  1181,   96600.000000,     916.434021,       0.000000,     923.741028,
  1182,   97000.000000,     908.531006,       0.000000,     915.458008,
  1183,   97400.000000,     889.270020,       0.000000,     896.041016,
  1184,   97800.000000,     878.977509,       0.000000,     885.377991,
  1185,   98200.000000,     866.928497,       0.000000,     873.765015,
  1186,   98600.000000,     855.801483,       0.000000,     862.117981,
  1187,   99000.000000,     843.922516,       0.000000,     850.015015,
  1188,   99400.000000,     827.382507,       0.000000,     833.463989,
  1189,   99800.000000,     820.064026,       0.000000,     826.116028,
  1190,  100200.000000,     807.300995,       0.000000,     813.229980,
  1191,  200000.000000,      52.512299,       0.000000,      52.557499,
  1192,  400000.000000,       3.312865,       0.000000,       3.290260,
  1193,  600000.000000,       0.652422,       0.000000,       0.646070,
  1194,  800000.000000,       0.205283,       0.000000,       0.203069,
  1195, 1000000.000000,       0.083591,       0.000000,       0.082654,
  1196, 1200000.000000,       0.040089,       0.000000,       0.039632,
  1197, 1400000.000000,       0.021528,       0.000000,       0.021279,
  1198, 1600000.000000,       0.012561,       0.000000,       0.012414,
