atmosphere,feh,filter,flux,logg,teff,wavelength
Phoenix,0,Palomar/ZTF.g,1180.2973040848,-0.5,3000,4746.4797383749
Phoenix,0,Palomar/ZTF.g,2513.4896957598,0,3000,4746.4797383749
Phoenix,0,Palomar/ZTF.g,4554.6412017394,0.5,3000,4746.4797383749
Phoenix,0,Palomar/ZTF.g,7386.3980628543,1,3000,4746.4797383749
Phoenix,0,Palomar/ZTF.g,11053.783835585,1.5,3000,4746.4797383749
Phoenix,0,Palomar/ZTF.g,14350.502134193,2,3000,4746.4797383749
Phoenix,0,Palomar/ZTF.g,19305.419057062,2.5,3000,4746.4797383749
Phoenix,0,Palomar/ZTF.g,27942.874526717,3,3000,4746.4797383749
Phoenix,0,Palomar/ZTF.g,34496.846685856,3.5,3000,4746.4797383749
Phoenix,0,Palomar/ZTF.g,38502.103113317,4,3000,4746.4797383749
Phoenix,0,Palomar/ZTF.g,38631.782535802,4.5,3000,4746.4797383749
Phoenix,0,Palomar/ZTF.g,37333.086685256,5,3000,4746.4797383749
Phoenix,0,Palomar/ZTF.g,34580.25173171,5.5,3000,4746.4797383749
Phoenix,0,Palomar/ZTF.g,32644.576044079,-0.5,3500,4746.4797383749
Phoenix,0,Palomar/ZTF.g,62915.961136679,0,3500,4746.4797383749
Phoenix,0,Palomar/ZTF.g,78998.573537558,0.5,3500,4746.4797383749
Phoenix,0,Palomar/ZTF.g,88483.745760045,1,3500,4746.4797383749
Phoenix,0,Palomar/ZTF.g,92481.313954956,1.5,3500,4746.4797383749
Phoenix,0,Palomar/ZTF.g,94685.192235634,2,3500,4746.4797383749
Phoenix,0,Palomar/ZTF.g,99083.818797395,2.5,3500,4746.4797383749
Phoenix,0,Palomar/ZTF.g,110672.90292708,3,3500,4746.4797383749
Phoenix,0,Palomar/ZTF.g,131072.37828529,3.5,3500,4746.4797383749
Phoenix,0,Palomar/ZTF.g,161225.48376691,4,3500,4746.4797383749
Phoenix,0,Palomar/ZTF.g,180492.18171343,4.5,3500,4746.4797383749
Phoenix,0,Palomar/ZTF.g,189535.01960094,5,3500,4746.4797383749
Phoenix,0,Palomar/ZTF.g,190071.53519678,5.5,3500,4746.4797383749
Phoenix,0,Palomar/ZTF.g,209652.73827133,-0.5,4000,4746.4797383749
Phoenix,0,Palomar/ZTF.g,355698.17491505,0,4000,4746.4797383749
Phoenix,0,Palomar/ZTF.g,457683.91133262,0.5,4000,4746.4797383749
Phoenix,0,Palomar/ZTF.g,520252.53771706,1,4000,4746.4797383749
Phoenix,0,Palomar/ZTF.g,553069.47303923,1.5,4000,4746.4797383749
Phoenix,0,Palomar/ZTF.g,562172.57898931,2,4000,4746.4797383749
Phoenix,0,Palomar/ZTF.g,558219.10156199,2.5,4000,4746.4797383749
Phoenix,0,Palomar/ZTF.g,550442.05227663,3,4000,4746.4797383749
Phoenix,0,Palomar/ZTF.g,540461.43524028,3.5,4000,4746.4797383749
Phoenix,0,Palomar/ZTF.g,544774.8658448,4,4000,4746.4797383749
Phoenix,0,Palomar/ZTF.g,560901.208711,4.5,4000,4746.4797383749
Phoenix,0,Palomar/ZTF.g,583265.64562789,5,4000,4746.4797383749
Phoenix,0,Palomar/ZTF.g,596371.59670722,5.5,4000,4746.4797383749
Phoenix,0,Palomar/ZTF.g,557928.42474925,-0.5,4500,4746.4797383749
Phoenix,0,Palomar/ZTF.g,970120.54365133,0,4500,4746.4797383749
Phoenix,0,Palomar/ZTF.g,1268223.622873,0.5,4500,4746.4797383749
Phoenix,0,Palomar/ZTF.g,1451510.9197962,1,4500,4746.4797383749
Phoenix,0,Palomar/ZTF.g,1563339.1214585,1.5,4500,4746.4797383749
Phoenix,0,Palomar/ZTF.g,1614446.6647205,2,4500,4746.4797383749
Phoenix,0,Palomar/ZTF.g,1633096.2082967,2.5,4500,4746.4797383749
Phoenix,0,Palomar/ZTF.g,1625605.1894064,3,4500,4746.4797383749
Phoenix,0,Palomar/ZTF.g,1600790.5820139,3.5,4500,4746.4797383749
Phoenix,0,Palomar/ZTF.g,1567294.6372533,4,4500,4746.4797383749
Phoenix,0,Palomar/ZTF.g,1525259.3507229,4.5,4500,4746.4797383749
Phoenix,0,Palomar/ZTF.g,1495875.7727396,5,4500,4746.4797383749
Phoenix,0,Palomar/ZTF.g,1481976.597259,5.5,4500,4746.4797383749
Spectrum,0,Palomar/ZTF.g,2336316.3397087,0,4750,4746.4797383749
Spectrum,0,Palomar/ZTF.g,2433132.9131687,0.5,4750,4746.4797383749
Spectrum,0,Palomar/ZTF.g,2503120.2452994,1,4750,4746.4797383749
Spectrum,0,Palomar/ZTF.g,2552958.3242954,1.5,4750,4746.4797383749
Spectrum,0,Palomar/ZTF.g,2581708.1388704,2,4750,4746.4797383749
Spectrum,0,Palomar/ZTF.g,2592848.3407957,2.5,4750,4746.4797383749
Spectrum,0,Palomar/ZTF.g,2586037.18865,3,4750,4746.4797383749
Spectrum,0,Palomar/ZTF.g,2564226.6193974,3.5,4750,4746.4797383749
Spectrum,0,Palomar/ZTF.g,2536040.6531486,4,4750,4746.4797383749
Spectrum,0,Palomar/ZTF.g,2503322.8316705,4.5,4750,4746.4797383749
Spectrum,0,Palomar/ZTF.g,2460072.3667229,5,4750,4746.4797383749
Spectrum,0,Palomar/ZTF.g,3517756.6349098,0,5000,4746.4797383749
Spectrum,0,Palomar/ZTF.g,3612982.6076894,0.5,5000,4746.4797383749
Spectrum,0,Palomar/ZTF.g,3666158.8352149,1,5000,4746.4797383749
Spectrum,0,Palomar/ZTF.g,3694754.402896,1.5,5000,4746.4797383749
Spectrum,0,Palomar/ZTF.g,3705906.5421865,2,5000,4746.4797383749
Spectrum,0,Palomar/ZTF.g,3702513.8583287,2.5,5000,4746.4797383749
Spectrum,0,Palomar/ZTF.g,3689372.2546492,3,5000,4746.4797383749
Spectrum,0,Palomar/ZTF.g,3663500.8637665,3.5,5000,4746.4797383749
Spectrum,0,Palomar/ZTF.g,3631968.608621,4,5000,4746.4797383749
Spectrum,0,Palomar/ZTF.g,3597166.249221,4.5,5000,4746.4797383749
Spectrum,0,Palomar/ZTF.g,3555001.3064601,5,5000,4746.4797383749
Spectrum,0,Palomar/ZTF.g,5108023.9872514,0,5250,4746.4797383749
Spectrum,0,Palomar/ZTF.g,5180177.2527091,0.5,5250,4746.4797383749
Spectrum,0,Palomar/ZTF.g,5207014.6406377,1,5250,4746.4797383749
Spectrum,0,Palomar/ZTF.g,5200103.5585215,1.5,5250,4746.4797383749
Spectrum,0,Palomar/ZTF.g,5175764.9817429,2,5250,4746.4797383749
Spectrum,0,Palomar/ZTF.g,5137070.3870858,2.5,5250,4746.4797383749
Spectrum,0,Palomar/ZTF.g,5095294.242319,3,5250,4746.4797383749
Spectrum,0,Palomar/ZTF.g,5049304.0243139,3.5,5250,4746.4797383749
Spectrum,0,Palomar/ZTF.g,5004712.722066,4,5250,4746.4797383749
Spectrum,0,Palomar/ZTF.g,4961913.0328966,4.5,5250,4746.4797383749
Spectrum,0,Palomar/ZTF.g,4917462.7374961,5,5250,4746.4797383749
Spectrum,0,Palomar/ZTF.g,7138240.9093896,0,5500,4746.4797383749
Spectrum,0,Palomar/ZTF.g,7170750.9140866,0.5,5500,4746.4797383749
Spectrum,0,Palomar/ZTF.g,7155696.306506,1,5500,4746.4797383749
Spectrum,0,Palomar/ZTF.g,7104188.053142,1.5,5500,4746.4797383749
Spectrum,0,Palomar/ZTF.g,7027881.3370437,2,5500,4746.4797383749
Spectrum,0,Palomar/ZTF.g,6940068.3715778,2.5,5500,4746.4797383749
Spectrum,0,Palomar/ZTF.g,6850213.8212907,3,5500,4746.4797383749
Spectrum,0,Palomar/ZTF.g,6764380.2407726,3.5,5500,4746.4797383749
Spectrum,0,Palomar/ZTF.g,6687394.8335114,4,5500,4746.4797383749
Spectrum,0,Palomar/ZTF.g,6619741.0125391,4.5,5500,4746.4797383749
Spectrum,0,Palomar/ZTF.g,6561016.3191104,5,5500,4746.4797383749
Spectrum,0,Palomar/ZTF.g,9625075.9690683,0,5750,4746.4797383749
Spectrum,0,Palomar/ZTF.g,9602440.2673908,0.5,5750,4746.4797383749
Spectrum,0,Palomar/ZTF.g,9533818.3244538,1,5750,4746.4797383749
Spectrum,0,Palomar/ZTF.g,9427464.2514574,1.5,5750,4746.4797383749
Spectrum,0,Palomar/ZTF.g,9293557.8410704,2,5750,4746.4797383749
Spectrum,0,Palomar/ZTF.g,9146158.3022078,2.5,5750,4746.4797383749
Spectrum,0,Palomar/ZTF.g,8994916.4374084,3,5750,4746.4797383749
Spectrum,0,Palomar/ZTF.g,8850871.9637541,3.5,5750,4746.4797383749
Spectrum,0,Palomar/ZTF.g,8723413.4936458,4,5750,4746.4797383749
Spectrum,0,Palomar/ZTF.g,8612413.6778407,4.5,5750,4746.4797383749
Spectrum,0,Palomar/ZTF.g,8521815.2905893,5,5750,4746.4797383749
Spectrum,0,Palomar/ZTF.g,12599245.176954,0,6000,4746.4797383749
Spectrum,0,Palomar/ZTF.g,12509545.435771,0.5,6000,4746.4797383749
Spectrum,0,Palomar/ZTF.g,12372830.463759,1,6000,4746.4797383749
Spectrum,0,Palomar/ZTF.g,12198845.650848,1.5,6000,4746.4797383749
Spectrum,0,Palomar/ZTF.g,11997572.342556,2,6000,4746.4797383749
Spectrum,0,Palomar/ZTF.g,11780942.931727,2.5,6000,4746.4797383749
Spectrum,0,Palomar/ZTF.g,11557032.331158,3,6000,4746.4797383749
Spectrum,0,Palomar/ZTF.g,11343704.319601,3.5,6000,4746.4797383749
Spectrum,0,Palomar/ZTF.g,11148640.410914,4,6000,4746.4797383749
Spectrum,0,Palomar/ZTF.g,10976793.616277,4.5,6000,4746.4797383749
Spectrum,0,Palomar/ZTF.g,10836588.033582,5,6000,4746.4797383749
Spectrum,0,Palomar/ZTF.g,15941204.866559,0.5,6250,4746.4797383749
Spectrum,0,Palomar/ZTF.g,15716991.379213,1,6250,4746.4797383749
Spectrum,0,Palomar/ZTF.g,15457201.379545,1.5,6250,4746.4797383749
Spectrum,0,Palomar/ZTF.g,15169192.697382,2,6250,4746.4797383749
Spectrum,0,Palomar/ZTF.g,14863315.076753,2.5,6250,4746.4797383749
Spectrum,0,Palomar/ZTF.g,14552998.238084,3,6250,4746.4797383749
Spectrum,0,Palomar/ZTF.g,14253837.103183,3.5,6250,4746.4797383749
Spectrum,0,Palomar/ZTF.g,13974127.792947,4,6250,4746.4797383749
Spectrum,0,Palomar/ZTF.g,13728303.089667,4.5,6250,4746.4797383749
Spectrum,0,Palomar/ZTF.g,13521265.49288,5,6250,4746.4797383749
Spectrum,0,Palomar/ZTF.g,19889349.614432,0.5,6500,4746.4797383749
Spectrum,0,Palomar/ZTF.g,19633175.600266,1,6500,4746.4797383749
Spectrum,0,Palomar/ZTF.g,19253542.099395,1.5,6500,4746.4797383749
Spectrum,0,Palomar/ZTF.g,18851602.888177,2,6500,4746.4797383749
Spectrum,0,Palomar/ZTF.g,18432590.731704,2.5,6500,4746.4797383749
Spectrum,0,Palomar/ZTF.g,18009221.035879,3,6500,4746.4797383749
Spectrum,0,Palomar/ZTF.g,17594942.784543,3.5,6500,4746.4797383749
Spectrum,0,Palomar/ZTF.g,17205476.489489,4,6500,4746.4797383749
Spectrum,0,Palomar/ZTF.g,16863381.837776,4.5,6500,4746.4797383749
Spectrum,0,Palomar/ZTF.g,16571114.103802,5,6500,4746.4797383749
Spectrum,0,Palomar/ZTF.g,24233614.357974,0.5,6750,4746.4797383749
Spectrum,0,Palomar/ZTF.g,24094345.103123,1,6750,4746.4797383749
Spectrum,0,Palomar/ZTF.g,23658076.811296,1.5,6750,4746.4797383749
Spectrum,0,Palomar/ZTF.g,23097115.943525,2,6750,4746.4797383749
Spectrum,0,Palomar/ZTF.g,22536481.072006,2.5,6750,4746.4797383749
Spectrum,0,Palomar/ZTF.g,21966532.716045,3,6750,4746.4797383749
Spectrum,0,Palomar/ZTF.g,21402829.16405,3.5,6750,4746.4797383749
Spectrum,0,Palomar/ZTF.g,20867445.865506,4,6750,4746.4797383749
Spectrum,0,Palomar/ZTF.g,20393907.438657,4.5,6750,4746.4797383749
Spectrum,0,Palomar/ZTF.g,19983588.088877,5,6750,4746.4797383749
Spectrum,0,Palomar/ZTF.g,28950192.425793,0.5,7000,4746.4797383749
Spectrum,0,Palomar/ZTF.g,28944860.13564,1,7000,4746.4797383749
Spectrum,0,Palomar/ZTF.g,28634678.831982,1.5,7000,4746.4797383749
Spectrum,0,Palomar/ZTF.g,27989673.246371,2,7000,4746.4797383749
Spectrum,0,Palomar/ZTF.g,27219586.848861,2.5,7000,4746.4797383749
Spectrum,0,Palomar/ZTF.g,26463124.784415,3,7000,4746.4797383749
Spectrum,0,Palomar/ZTF.g,25721548.9734,3.5,7000,4746.4797383749
Spectrum,0,Palomar/ZTF.g,25007524.0468,4,7000,4746.4797383749
Spectrum,0,Palomar/ZTF.g,24351029.17984,4.5,7000,4746.4797383749
Spectrum,0,Palomar/ZTF.g,23779266.42038,5,7000,4746.4797383749
Spectrum,0,Palomar/ZTF.g,33941116.55968,0.5,7250,4746.4797383749
Spectrum,0,Palomar/ZTF.g,34170674.054579,1,7250,4746.4797383749
Spectrum,0,Palomar/ZTF.g,33966436.113891,1.5,7250,4746.4797383749
Spectrum,0,Palomar/ZTF.g,33448708.008647,2,7250,4746.4797383749
Spectrum,0,Palomar/ZTF.g,32547867.12123,2.5,7250,4746.4797383749
Spectrum,0,Palomar/ZTF.g,31551115.100827,3,7250,4746.4797383749
Spectrum,0,Palomar/ZTF.g,30592681.318111,3.5,7250,4746.4797383749
Spectrum,0,Palomar/ZTF.g,29660239.312306,4,7250,4746.4797383749
Spectrum,0,Palomar/ZTF.g,28781921.531185,4.5,7250,4746.4797383749
Spectrum,0,Palomar/ZTF.g,28004652.848572,5,7250,4746.4797383749
Spectrum,0,Palomar/ZTF.g,38892965.928894,0.5,7500,4746.4797383749
Spectrum,0,Palomar/ZTF.g,39593675.69851,1,7500,4746.4797383749
Spectrum,0,Palomar/ZTF.g,39613100.908644,1.5,7500,4746.4797383749
Spectrum,0,Palomar/ZTF.g,39199347.04633,2,7500,4746.4797383749
Spectrum,0,Palomar/ZTF.g,38458049.406597,2.5,7500,4746.4797383749
Spectrum,0,Palomar/ZTF.g,37279485.800089,3,7500,4746.4797383749
Spectrum,0,Palomar/ZTF.g,36036156.985321,3.5,7500,4746.4797383749
Spectrum,0,Palomar/ZTF.g,34852930.110705,4,7500,4746.4797383749
Spectrum,0,Palomar/ZTF.g,33724698.119722,4.5,7500,4746.4797383749
Spectrum,0,Palomar/ZTF.g,32695351.20803,5,7500,4746.4797383749
Spectrum,0,Palomar/ZTF.g,45025919.292403,1,7750,4746.4797383749
Spectrum,0,Palomar/ZTF.g,45385361.698882,1.5,7750,4746.4797383749
Spectrum,0,Palomar/ZTF.g,45145745.123256,2,7750,4746.4797383749
Spectrum,0,Palomar/ZTF.g,44527322.258669,2.5,7750,4746.4797383749
Spectrum,0,Palomar/ZTF.g,43543113.914718,3,7750,4746.4797383749
Spectrum,0,Palomar/ZTF.g,42088134.536152,3.5,7750,4746.4797383749
Spectrum,0,Palomar/ZTF.g,40602246.784434,4,7750,4746.4797383749
Spectrum,0,Palomar/ZTF.g,39195972.037232,4.5,7750,4746.4797383749
Spectrum,0,Palomar/ZTF.g,37876854.81649,5,7750,4746.4797383749
Spectrum,0,Palomar/ZTF.g,50042056.068426,1,8000,4746.4797383749
Spectrum,0,Palomar/ZTF.g,51178510.558237,1.5,8000,4746.4797383749
Spectrum,0,Palomar/ZTF.g,51215535.699177,2,8000,4746.4797383749
Spectrum,0,Palomar/ZTF.g,50724898.609007,2.5,8000,4746.4797383749
Spectrum,0,Palomar/ZTF.g,49867809.054054,3,8000,4746.4797383749
Spectrum,0,Palomar/ZTF.g,48607926.990915,3.5,8000,4746.4797383749
Spectrum,0,Palomar/ZTF.g,46898643.646374,4,8000,4746.4797383749
Spectrum,0,Palomar/ZTF.g,45176934.954289,4.5,8000,4746.4797383749
Spectrum,0,Palomar/ZTF.g,43560406.73086,5,8000,4746.4797383749
Spectrum,0,Palomar/ZTF.g,54227216.104348,1,8250,4746.4797383749
Spectrum,0,Palomar/ZTF.g,56738600.285834,1.5,8250,4746.4797383749
Spectrum,0,Palomar/ZTF.g,57246130.588223,2,8250,4746.4797383749
Spectrum,0,Palomar/ZTF.g,57000725.108532,2.5,8250,4746.4797383749
Spectrum,0,Palomar/ZTF.g,56293223.64728,3,8250,4746.4797383749
Spectrum,0,Palomar/ZTF.g,55194051.432049,3.5,8250,4746.4797383749
Spectrum,0,Palomar/ZTF.g,53618776.366025,4,8250,4746.4797383749
Spectrum,0,Palomar/ZTF.g,51651140.067091,4.5,8250,4746.4797383749
Spectrum,0,Palomar/ZTF.g,49729821.693862,5,8250,4746.4797383749
Synspec,0,Palomar/ZTF.g,60551516.329596,1.5,8500,4746.4797383749
Synspec,0,Palomar/ZTF.g,61811606.745261,2,8500,4746.4797383749
Synspec,0,Palomar/ZTF.g,61988186.462111,2.5,8500,4746.4797383749
Synspec,0,Palomar/ZTF.g,61625388.680137,3,8500,4746.4797383749
Synspec,0,Palomar/ZTF.g,60860401.574489,3.5,8500,4746.4797383749
Synspec,0,Palomar/ZTF.g,59713740.331135,4,8500,4746.4797383749
Synspec,0,Palomar/ZTF.g,58142185.731671,4.5,8500,4746.4797383749
Synspec,0,Palomar/ZTF.g,56243510.765792,5,8500,4746.4797383749
Synspec,0,Palomar/ZTF.g,69686286.72172,1.5,9000,4746.4797383749
Synspec,0,Palomar/ZTF.g,72395321.582476,2,9000,4746.4797383749
Synspec,0,Palomar/ZTF.g,73230206.186076,2.5,9000,4746.4797383749
Synspec,0,Palomar/ZTF.g,73278795.280563,3,9000,4746.4797383749
Synspec,0,Palomar/ZTF.g,72872725.300308,3.5,9000,4746.4797383749
Synspec,0,Palomar/ZTF.g,72080396.535739,4,9000,4746.4797383749
Synspec,0,Palomar/ZTF.g,70878382.085729,4.5,9000,4746.4797383749
Synspec,0,Palomar/ZTF.g,69252447.939439,5,9000,4746.4797383749
Synspec,0,Palomar/ZTF.g,82685956.541852,2,9500,4746.4797383749
Synspec,0,Palomar/ZTF.g,84118864.106822,2.5,9500,4746.4797383749
Synspec,0,Palomar/ZTF.g,84465895.128201,3,9500,4746.4797383749
Synspec,0,Palomar/ZTF.g,84254108.113999,3.5,9500,4746.4797383749
Synspec,0,Palomar/ZTF.g,83693484.841199,4,9500,4746.4797383749
Synspec,0,Palomar/ZTF.g,82791887.495719,4.5,9500,4746.4797383749
Synspec,0,Palomar/ZTF.g,81499095.58656,5,9500,4746.4797383749
Synspec,0,Palomar/ZTF.g,93112771.970484,2,10000,4746.4797383749
Synspec,0,Palomar/ZTF.g,94983012.073543,2.5,10000,4746.4797383749
Synspec,0,Palomar/ZTF.g,95540046.544817,3,10000,4746.4797383749
Synspec,0,Palomar/ZTF.g,95442293.225028,3.5,10000,4746.4797383749
Synspec,0,Palomar/ZTF.g,94982611.864127,4,10000,4746.4797383749
Synspec,0,Palomar/ZTF.g,94235838.935832,4.5,10000,4746.4797383749
Synspec,0,Palomar/ZTF.g,93131293.723845,5,10000,4746.4797383749
Synspec,0,Palomar/ZTF.g,103751980.64088,2,10500,4746.4797383749
Synspec,0,Palomar/ZTF.g,106043480.55806,2.5,10500,4746.4797383749
Synspec,0,Palomar/ZTF.g,106726404.45331,3,10500,4746.4797383749
Synspec,0,Palomar/ZTF.g,106660633.58359,3.5,10500,4746.4797383749
Synspec,0,Palomar/ZTF.g,106204730.73614,4,10500,4746.4797383749
Synspec,0,Palomar/ZTF.g,105487134.85551,4.5,10500,4746.4797383749
Synspec,0,Palomar/ZTF.g,104502084.84105,5,10500,4746.4797383749
Synspec,0,Palomar/ZTF.g,117276920.99439,2.5,11000,4746.4797383749
Synspec,0,Palomar/ZTF.g,118092224.65789,3,11000,4746.4797383749
Synspec,0,Palomar/ZTF.g,118018733.51685,3.5,11000,4746.4797383749
Synspec,0,Palomar/ZTF.g,117504030.72752,4,11000,4746.4797383749
Synspec,0,Palomar/ZTF.g,116745331.88042,4.5,11000,4746.4797383749
Synspec,0,Palomar/ZTF.g,115781049.77525,5,11000,4746.4797383749
Synspec,0,Palomar/ZTF.g,128617018.28632,2.5,11500,4746.4797383749
Synspec,0,Palomar/ZTF.g,129587583.54685,3,11500,4746.4797383749
Synspec,0,Palomar/ZTF.g,129526564.71469,3.5,11500,4746.4797383749
Synspec,0,Palomar/ZTF.g,128946464.81725,4,11500,4746.4797383749
Synspec,0,Palomar/ZTF.g,128104511.03918,4.5,11500,4746.4797383749
Synspec,0,Palomar/ZTF.g,127078606.77358,5,11500,4746.4797383749
Synspec,0,Palomar/ZTF.g,140045088.56359,2.5,12000,4746.4797383749
Synspec,0,Palomar/ZTF.g,141177169.18767,3,12000,4746.4797383749
Synspec,0,Palomar/ZTF.g,141151159.39522,3.5,12000,4746.4797383749
Synspec,0,Palomar/ZTF.g,140537166.48392,4,12000,4746.4797383749
Synspec,0,Palomar/ZTF.g,139606177.58202,4.5,12000,4746.4797383749
Synspec,0,Palomar/ZTF.g,138491158.69197,5,12000,4746.4797383749
Synspec,0,Palomar/ZTF.g,151620387.37133,2.5,12500,4746.4797383749
Synspec,0,Palomar/ZTF.g,152853686.12385,3,12500,4746.4797383749
Synspec,0,Palomar/ZTF.g,152861575.44625,3.5,12500,4746.4797383749
Synspec,0,Palomar/ZTF.g,152241402.36538,4,12500,4746.4797383749
Synspec,0,Palomar/ZTF.g,151251207.72378,4.5,12500,4746.4797383749
Synspec,0,Palomar/ZTF.g,150048026.29959,5,12500,4746.4797383749
Synspec,0,Palomar/ZTF.g,163370834.88622,2.5,13000,4746.4797383749
Synspec,0,Palomar/ZTF.g,164652632.9372,3,13000,4746.4797383749
Synspec,0,Palomar/ZTF.g,164651481.80093,3.5,13000,4746.4797383749
Synspec,0,Palomar/ZTF.g,164026927.3213,4,13000,4746.4797383749
Synspec,0,Palomar/ZTF.g,163012697.42292,4.5,13000,4746.4797383749
Synspec,0,Palomar/ZTF.g,161747843.68775,5,13000,4746.4797383749
Synspec,0,Palomar/ZTF.g,187635517.20666,2.5,14000,4746.4797383749
Synspec,0,Palomar/ZTF.g,188718913.27136,3,14000,4746.4797383749
Synspec,0,Palomar/ZTF.g,188550900.09474,3.5,14000,4746.4797383749
Synspec,0,Palomar/ZTF.g,187831606.57187,4,14000,4746.4797383749
Synspec,0,Palomar/ZTF.g,186792493.37247,4.5,14000,4746.4797383749
Synspec,0,Palomar/ZTF.g,185490194.40538,5,14000,4746.4797383749
Synspec,0,Palomar/ZTF.g,213284777.17297,2.5,15000,4746.4797383749
Synspec,0,Palomar/ZTF.g,213782747.41642,3,15000,4746.4797383749
Synspec,0,Palomar/ZTF.g,213107184.08054,3.5,15000,4746.4797383749
Synspec,0,Palomar/ZTF.g,212107394.6251,4,15000,4746.4797383749
Synspec,0,Palomar/ZTF.g,210959693.86316,4.5,15000,4746.4797383749
Synspec,0,Palomar/ZTF.g,209656606.0251,5,15000,4746.4797383749
Synspec,0,Palomar/ZTF.g,240643284.08995,2.5,16000,4746.4797383749
Synspec,0,Palomar/ZTF.g,240216269.84735,3,16000,4746.4797383749
Synspec,0,Palomar/ZTF.g,238669851.27605,3.5,16000,4746.4797383749
Synspec,0,Palomar/ZTF.g,237110176.92566,4,16000,4746.4797383749
Synspec,0,Palomar/ZTF.g,235662117.21025,4.5,16000,4746.4797383749
Synspec,0,Palomar/ZTF.g,234260474.67936,5,16000,4746.4797383749
Synspec,0,Palomar/ZTF.g,269928473.12477,2.5,17000,4746.4797383749
Synspec,0,Palomar/ZTF.g,268338390.16312,3,17000,4746.4797383749
Synspec,0,Palomar/ZTF.g,265526273.2723,3.5,17000,4746.4797383749
Synspec,0,Palomar/ZTF.g,263086320.54306,4,17000,4746.4797383749
Synspec,0,Palomar/ZTF.g,261120248.047,4.5,17000,4746.4797383749
Synspec,0,Palomar/ZTF.g,259454066.57693,5,17000,4746.4797383749
Synspec,0,Palomar/ZTF.g,301173832.74712,2.5,18000,4746.4797383749
Synspec,0,Palomar/ZTF.g,298405483.37915,3,18000,4746.4797383749
Synspec,0,Palomar/ZTF.g,293991884.91163,3.5,18000,4746.4797383749
Synspec,0,Palomar/ZTF.g,290352676.14254,4,18000,4746.4797383749
Synspec,0,Palomar/ZTF.g,287590478.27202,4.5,18000,4746.4797383749
Synspec,0,Palomar/ZTF.g,285465162.44219,5,18000,4746.4797383749
Synspec,0,Palomar/ZTF.g,334200022.2779,2.5,19000,4746.4797383749
Synspec,0,Palomar/ZTF.g,330621201.06967,3,19000,4746.4797383749
Synspec,0,Palomar/ZTF.g,324280263.92871,3.5,19000,4746.4797383749
Synspec,0,Palomar/ZTF.g,319118020.703,4,19000,4746.4797383749
Synspec,0,Palomar/ZTF.g,315301739.5542,4.5,19000,4746.4797383749
Synspec,0,Palomar/ZTF.g,312502649.14787,5,19000,4746.4797383749
Synspec,0,Palomar/ZTF.g,365055852.79341,3,20000,4746.4797383749
Synspec,0,Palomar/ZTF.g,356598263.80072,3.5,20000,4746.4797383749
Synspec,0,Palomar/ZTF.g,349606720.02219,4,20000,4746.4797383749
Synspec,0,Palomar/ZTF.g,344484028.97548,4.5,20000,4746.4797383749
Synspec,0,Palomar/ZTF.g,340801142.83377,5,20000,4746.4797383749
Synspec,0,Palomar/ZTF.g,401547050.38396,3,21000,4746.4797383749
Synspec,0,Palomar/ZTF.g,391029420.48898,3.5,21000,4746.4797383749
Synspec,0,Palomar/ZTF.g,382017024.70453,4,21000,4746.4797383749
Synspec,0,Palomar/ZTF.g,375337164.93338,4.5,21000,4746.4797383749
Synspec,0,Palomar/ZTF.g,370566112.05299,5,21000,4746.4797383749
Synspec,0,Palomar/ZTF.g,439743073.94604,3,22000,4746.4797383749
Synspec,0,Palomar/ZTF.g,427530068.76939,3.5,22000,4746.4797383749
Synspec,0,Palomar/ZTF.g,416410009.49818,4,22000,4746.4797383749
Synspec,0,Palomar/ZTF.g,407991079.45737,4.5,22000,4746.4797383749
Synspec,0,Palomar/ZTF.g,401949838.34242,5,22000,4746.4797383749
Synspec,0,Palomar/ZTF.g,479525659.51897,3,23000,4746.4797383749
Synspec,0,Palomar/ZTF.g,465905705.25614,3.5,23000,4746.4797383749
Synspec,0,Palomar/ZTF.g,452826719.36025,4,23000,4746.4797383749
Synspec,0,Palomar/ZTF.g,442600191.6355,4.5,23000,4746.4797383749
Synspec,0,Palomar/ZTF.g,435155686.51556,5,23000,4746.4797383749
Synspec,0,Palomar/ZTF.g,521871363.12739,3,24000,4746.4797383749
Synspec,0,Palomar/ZTF.g,505916258.7147,3.5,24000,4746.4797383749
Synspec,0,Palomar/ZTF.g,491113521.40392,4,24000,4746.4797383749
Synspec,0,Palomar/ZTF.g,479198388.68861,4.5,24000,4746.4797383749
Synspec,0,Palomar/ZTF.g,470278768.39466,5,24000,4746.4797383749
Synspec,0,Palomar/ZTF.g,568058622.30891,3,25000,4746.4797383749
Synspec,0,Palomar/ZTF.g,547921807.41137,3.5,25000,4746.4797383749
Synspec,0,Palomar/ZTF.g,531169403.70326,4,25000,4746.4797383749
Synspec,0,Palomar/ZTF.g,517776455.58636,4.5,25000,4746.4797383749
Synspec,0,Palomar/ZTF.g,507449693.73482,5,25000,4746.4797383749
Synspec,0,Palomar/ZTF.g,616977078.22287,3,26000,4746.4797383749
Synspec,0,Palomar/ZTF.g,592871768.24505,3.5,26000,4746.4797383749
Synspec,0,Palomar/ZTF.g,573112927.32055,4,26000,4746.4797383749
Synspec,0,Palomar/ZTF.g,558254755.46588,4.5,26000,4746.4797383749
Synspec,0,Palomar/ZTF.g,546718180.40975,5,26000,4746.4797383749
Synspec,0,Palomar/ZTF.g,642045555.5374,3.5,27000,4746.4797383749
Synspec,0,Palomar/ZTF.g,617640110.43882,4,27000,4746.4797383749
Synspec,0,Palomar/ZTF.g,600678985.88322,4.5,27000,4746.4797383749
Synspec,0,Palomar/ZTF.g,588057396.0118,5,27000,4746.4797383749
Tlusty,0,Palomar/ZTF.g,655817474.13673,3,27500,4746.4797383749
Tlusty,0,Palomar/ZTF.g,670845778.71706,3.25,27500,4746.4797383749
Tlusty,0,Palomar/ZTF.g,665518957.39451,3.5,27500,4746.4797383749
Tlusty,0,Palomar/ZTF.g,656606474.75729,3.75,27500,4746.4797383749
Tlusty,0,Palomar/ZTF.g,648021487.12025,4,27500,4746.4797383749
Tlusty,0,Palomar/ZTF.g,640357088.25678,4.25,27500,4746.4797383749
Tlusty,0,Palomar/ZTF.g,633411121.12295,4.5,27500,4746.4797383749
Tlusty,0,Palomar/ZTF.g,626846151.31543,4.75,27500,4746.4797383749
Tlusty,0,Palomar/ZTF.g,700283946.10628,3,30000,4746.4797383749
Tlusty,0,Palomar/ZTF.g,772392637.46184,3.25,30000,4746.4797383749
Tlusty,0,Palomar/ZTF.g,767459277.07587,3.5,30000,4746.4797383749
Tlusty,0,Palomar/ZTF.g,778148023.44394,3.75,30000,4746.4797383749
Tlusty,0,Palomar/ZTF.g,755468569.86927,4,30000,4746.4797383749
Tlusty,0,Palomar/ZTF.g,759266814.56506,4.25,30000,4746.4797383749
Tlusty,0,Palomar/ZTF.g,739798106.63212,4.5,30000,4746.4797383749
Tlusty,0,Palomar/ZTF.g,733113206.90169,4.75,30000,4746.4797383749
Tlusty,0,Palomar/ZTF.g,838356013.94616,3.25,32500,4746.4797383749
Tlusty,0,Palomar/ZTF.g,783424249.31896,3.5,32500,4746.4797383749
Tlusty,0,Palomar/ZTF.g,897212110.94097,3.75,32500,4746.4797383749
Tlusty,0,Palomar/ZTF.g,893815901.36227,4,32500,4746.4797383749
Tlusty,0,Palomar/ZTF.g,886043497.32164,4.25,32500,4746.4797383749
Tlusty,0,Palomar/ZTF.g,877487415.6048,4.5,32500,4746.4797383749
Tlusty,0,Palomar/ZTF.g,869370528.1567,4.75,32500,4746.4797383749
Tlusty,0,Palomar/ZTF.g,873423789.03177,3.25,35000,4746.4797383749
Tlusty,0,Palomar/ZTF.g,942404700.59564,3.5,35000,4746.4797383749
Tlusty,0,Palomar/ZTF.g,975305976.55565,3.75,35000,4746.4797383749
Tlusty,0,Palomar/ZTF.g,989050032.58466,4,35000,4746.4797383749
Tlusty,0,Palomar/ZTF.g,992071364.43639,4.25,35000,4746.4797383749
Tlusty,0,Palomar/ZTF.g,989669487.53719,4.5,35000,4746.4797383749
Tlusty,0,Palomar/ZTF.g,985076135.56424,4.75,35000,4746.4797383749
Tlusty,0,Palomar/ZTF.g,1023682299.9855,3.5,37500,4746.4797383749
Tlusty,0,Palomar/ZTF.g,1070267574.661,3.75,37500,4746.4797383749
Tlusty,0,Palomar/ZTF.g,1092248365.1902,4,37500,4746.4797383749
Tlusty,0,Palomar/ZTF.g,1104166584.0801,4.25,37500,4746.4797383749
Tlusty,0,Palomar/ZTF.g,1109866673.2956,4.5,37500,4746.4797383749
Tlusty,0,Palomar/ZTF.g,1111186230.0641,4.75,37500,4746.4797383749
Tlusty,0,Palomar/ZTF.g,1066622452.4844,3.5,40000,4746.4797383749
Tlusty,0,Palomar/ZTF.g,1146532031.2294,3.75,40000,4746.4797383749
Tlusty,0,Palomar/ZTF.g,1173020293.9537,4,40000,4746.4797383749
Tlusty,0,Palomar/ZTF.g,1187912050.3295,4.25,40000,4746.4797383749
Tlusty,0,Palomar/ZTF.g,1197435612.3417,4.5,40000,4746.4797383749
Tlusty,0,Palomar/ZTF.g,1203663156.9163,4.75,40000,4746.4797383749
Tlusty,0,Palomar/ZTF.g,1216658412.2707,3.75,42500,4746.4797383749
Tlusty,0,Palomar/ZTF.g,1255820022.0464,4,42500,4746.4797383749
Tlusty,0,Palomar/ZTF.g,1271782339.75,4.25,42500,4746.4797383749
Tlusty,0,Palomar/ZTF.g,1281202468.355,4.5,42500,4746.4797383749
Tlusty,0,Palomar/ZTF.g,1287943424.6201,4.75,42500,4746.4797383749
Tlusty,0,Palomar/ZTF.g,1270612958.0034,3.75,45000,4746.4797383749
Tlusty,0,Palomar/ZTF.g,1335774314.9885,4,45000,4746.4797383749
Tlusty,0,Palomar/ZTF.g,1357590479.9357,4.25,45000,4746.4797383749
Tlusty,0,Palomar/ZTF.g,1367344721.6425,4.5,45000,4746.4797383749
Tlusty,0,Palomar/ZTF.g,1372992655.0073,4.75,45000,4746.4797383749
Tlusty,0,Palomar/ZTF.g,1304305113.3251,3.75,47500,4746.4797383749
Tlusty,0,Palomar/ZTF.g,1407942315.1086,4,47500,4746.4797383749
Tlusty,0,Palomar/ZTF.g,1441126019.2917,4.25,47500,4746.4797383749
Tlusty,0,Palomar/ZTF.g,1454304424.8461,4.5,47500,4746.4797383749
Tlusty,0,Palomar/ZTF.g,1460172909.4493,4.75,47500,4746.4797383749
Tlusty,0,Palomar/ZTF.g,1472799579.121,4,50000,4746.4797383749
Tlusty,0,Palomar/ZTF.g,1519219594.3052,4.25,50000,4746.4797383749
Tlusty,0,Palomar/ZTF.g,1538593817.6677,4.5,50000,4746.4797383749
Tlusty,0,Palomar/ZTF.g,1546796511.8865,4.75,50000,4746.4797383749
Tlusty,0,Palomar/ZTF.g,1530001738.0525,4,52500,4746.4797383749
Tlusty,0,Palomar/ZTF.g,1592871841.4925,4.25,52500,4746.4797383749
Tlusty,0,Palomar/ZTF.g,1618065938.731,4.5,52500,4746.4797383749
Tlusty,0,Palomar/ZTF.g,1630048218.565,4.75,52500,4746.4797383749
Tlusty,0,Palomar/ZTF.g,1570811814.8211,4,55000,4746.4797383749
Tlusty,0,Palomar/ZTF.g,1664653866.6251,4.25,55000,4746.4797383749
Tlusty,0,Palomar/ZTF.g,1694781624.4029,4.5,55000,4746.4797383749
Tlusty,0,Palomar/ZTF.g,1709304700.7481,4.75,55000,4746.4797383749
Phoenix,-10,Palomar/ZTF.g,4756.1315178943,-0.5,3000,4746.4797383749
Phoenix,-10,Palomar/ZTF.g,9768.0072022303,0,3000,4746.4797383749
Phoenix,-10,Palomar/ZTF.g,16435.437320636,0.5,3000,4746.4797383749
Phoenix,-10,Palomar/ZTF.g,21769.844031901,1,3000,4746.4797383749
Phoenix,-10,Palomar/ZTF.g,30271.067278761,1.5,3000,4746.4797383749
Phoenix,-10,Palomar/ZTF.g,39022.503574955,2,3000,4746.4797383749
Phoenix,-10,Palomar/ZTF.g,44835.3977334,2.5,3000,4746.4797383749
Phoenix,-10,Palomar/ZTF.g,47820.720938312,4,3000,4746.4797383749
Phoenix,-10,Palomar/ZTF.g,45139.149177052,4.5,3000,4746.4797383749
Phoenix,-10,Palomar/ZTF.g,40564.128645829,5,3000,4746.4797383749
Phoenix,-10,Palomar/ZTF.g,35026.236425953,5.5,3000,4746.4797383749
Phoenix,-10,Palomar/ZTF.g,39291.179623562,-0.5,3500,4746.4797383749
Phoenix,-10,Palomar/ZTF.g,77503.163279459,0,3500,4746.4797383749
Phoenix,-10,Palomar/ZTF.g,108775.70096028,0.5,3500,4746.4797383749
Phoenix,-10,Palomar/ZTF.g,134554.05186772,1,3500,4746.4797383749
Phoenix,-10,Palomar/ZTF.g,153704.11253398,1.5,3500,4746.4797383749
Phoenix,-10,Palomar/ZTF.g,171068.20486517,2,3500,4746.4797383749
Phoenix,-10,Palomar/ZTF.g,190140.11904815,2.5,3500,4746.4797383749
Phoenix,-10,Palomar/ZTF.g,206938.84172745,3,3500,4746.4797383749
Phoenix,-10,Palomar/ZTF.g,216162.64395133,3.5,3500,4746.4797383749
Phoenix,-10,Palomar/ZTF.g,218590.49560509,4,3500,4746.4797383749
Phoenix,-10,Palomar/ZTF.g,214746.62361179,4.5,3500,4746.4797383749
Phoenix,-10,Palomar/ZTF.g,207804.92424131,5,3500,4746.4797383749
Phoenix,-10,Palomar/ZTF.g,197572.92297182,5.5,3500,4746.4797383749
Phoenix,-10,Palomar/ZTF.g,186040.4600725,-0.5,4000,4746.4797383749
Phoenix,-10,Palomar/ZTF.g,341037.07816195,0,4000,4746.4797383749
Phoenix,-10,Palomar/ZTF.g,465592.8483772,0.5,4000,4746.4797383749
Phoenix,-10,Palomar/ZTF.g,552567.19366242,1,4000,4746.4797383749
Phoenix,-10,Palomar/ZTF.g,601535.94261591,1.5,4000,4746.4797383749
Phoenix,-10,Palomar/ZTF.g,630527.38910903,2,4000,4746.4797383749
Phoenix,-10,Palomar/ZTF.g,638605.84151484,2.5,4000,4746.4797383749
Phoenix,-10,Palomar/ZTF.g,637318.96771586,3,4000,4746.4797383749
Phoenix,-10,Palomar/ZTF.g,643400.97517443,3.5,4000,4746.4797383749
Phoenix,-10,Palomar/ZTF.g,655738.89179671,4,4000,4746.4797383749
Phoenix,-10,Palomar/ZTF.g,662505.71957528,4.5,4000,4746.4797383749
Phoenix,-10,Palomar/ZTF.g,659371.93014604,5,4000,4746.4797383749
Phoenix,-10,Palomar/ZTF.g,647916.93660919,5.5,4000,4746.4797383749
Phoenix,-10,Palomar/ZTF.g,534035.5183519,-0.5,4500,4746.4797383749
Phoenix,-10,Palomar/ZTF.g,950877.67916073,0,4500,4746.4797383749
Phoenix,-10,Palomar/ZTF.g,1276189.9483147,0.5,4500,4746.4797383749
Phoenix,-10,Palomar/ZTF.g,1493206.4996395,1,4500,4746.4797383749
Phoenix,-10,Palomar/ZTF.g,1632440.3211349,1.5,4500,4746.4797383749
Phoenix,-10,Palomar/ZTF.g,1713788.0609825,2,4500,4746.4797383749
Phoenix,-10,Palomar/ZTF.g,1758865.9605037,2.5,4500,4746.4797383749
Phoenix,-10,Palomar/ZTF.g,1771307.5346349,3,4500,4746.4797383749
Phoenix,-10,Palomar/ZTF.g,1763903.4088919,3.5,4500,4746.4797383749
Phoenix,-10,Palomar/ZTF.g,1747838.8349365,4,4500,4746.4797383749
Phoenix,-10,Palomar/ZTF.g,1717811.0814111,4.5,4500,4746.4797383749
Phoenix,-10,Palomar/ZTF.g,1697072.2874731,5,4500,4746.4797383749
Phoenix,-10,Palomar/ZTF.g,1675811.0285194,5.5,4500,4746.4797383749
Spectrum,-10,Palomar/ZTF.g,2194459.6313115,0,4750,4746.4797383749
Spectrum,-10,Palomar/ZTF.g,2352427.9110231,0.5,4750,4746.4797383749
Spectrum,-10,Palomar/ZTF.g,2463507.6614265,1,4750,4746.4797383749
Spectrum,-10,Palomar/ZTF.g,2537701.7738425,1.5,4750,4746.4797383749
Spectrum,-10,Palomar/ZTF.g,2582198.7980052,2,4750,4746.4797383749
Spectrum,-10,Palomar/ZTF.g,2607559.5917811,2.5,4750,4746.4797383749
Spectrum,-10,Palomar/ZTF.g,2620606.8152869,3,4750,4746.4797383749
Spectrum,-10,Palomar/ZTF.g,2624349.2988126,3.5,4750,4746.4797383749
Spectrum,-10,Palomar/ZTF.g,2621525.3777809,4,4750,4746.4797383749
Spectrum,-10,Palomar/ZTF.g,2611948.5816006,4.5,4750,4746.4797383749
Spectrum,-10,Palomar/ZTF.g,2595477.4578993,5,4750,4746.4797383749
Spectrum,-10,Palomar/ZTF.g,3414193.4635775,0,5000,4746.4797383749
Spectrum,-10,Palomar/ZTF.g,3559125.0323919,0.5,5000,4746.4797383749
Spectrum,-10,Palomar/ZTF.g,3654704.8884174,1,5000,4746.4797383749
Spectrum,-10,Palomar/ZTF.g,3705719.1010299,1.5,5000,4746.4797383749
Spectrum,-10,Palomar/ZTF.g,3723757.045061,2,5000,4746.4797383749
Spectrum,-10,Palomar/ZTF.g,3723025.9264116,2.5,5000,4746.4797383749
Spectrum,-10,Palomar/ZTF.g,3712831.1081538,3,5000,4746.4797383749
Spectrum,-10,Palomar/ZTF.g,3700719.5174828,3.5,5000,4746.4797383749
Spectrum,-10,Palomar/ZTF.g,3689141.5686272,4,5000,4746.4797383749
Spectrum,-10,Palomar/ZTF.g,3677475.2997304,4.5,5000,4746.4797383749
Spectrum,-10,Palomar/ZTF.g,3669295.1857813,5,5000,4746.4797383749
Spectrum,-10,Palomar/ZTF.g,5031694.756911,0,5250,4746.4797383749
Spectrum,-10,Palomar/ZTF.g,5136443.3173807,0.5,5250,4746.4797383749
Spectrum,-10,Palomar/ZTF.g,5193159.3362573,1,5250,4746.4797383749
Spectrum,-10,Palomar/ZTF.g,5206234.3939909,1.5,5250,4746.4797383749
Spectrum,-10,Palomar/ZTF.g,5186293.9056024,2,5250,4746.4797383749
Spectrum,-10,Palomar/ZTF.g,5148152.4907894,2.5,5250,4746.4797383749
Spectrum,-10,Palomar/ZTF.g,5102450.4114208,3,5250,4746.4797383749
Spectrum,-10,Palomar/ZTF.g,5061369.4643269,3.5,5250,4746.4797383749
Spectrum,-10,Palomar/ZTF.g,5026897.9924886,4,5250,4746.4797383749
Spectrum,-10,Palomar/ZTF.g,5000632.7143344,4.5,5250,4746.4797383749
Spectrum,-10,Palomar/ZTF.g,4985864.2395616,5,5250,4746.4797383749
Spectrum,-10,Palomar/ZTF.g,7044836.3405142,0,5500,4746.4797383749
Spectrum,-10,Palomar/ZTF.g,7090197.1800467,0.5,5500,4746.4797383749
Spectrum,-10,Palomar/ZTF.g,7087736.2224393,1,5500,4746.4797383749
Spectrum,-10,Palomar/ZTF.g,7044288.3438021,1.5,5500,4746.4797383749
Spectrum,-10,Palomar/ZTF.g,6971899.2620849,2,5500,4746.4797383749
Spectrum,-10,Palomar/ZTF.g,6883505.8594701,2.5,5500,4746.4797383749
Spectrum,-10,Palomar/ZTF.g,6791936.4938762,3,5500,4746.4797383749
Spectrum,-10,Palomar/ZTF.g,6710804.5298388,3.5,5500,4746.4797383749
Spectrum,-10,Palomar/ZTF.g,6643429.8622169,4,5500,4746.4797383749
Spectrum,-10,Palomar/ZTF.g,6593571.5048983,4.5,5500,4746.4797383749
Spectrum,-10,Palomar/ZTF.g,6560248.222472,5,5500,4746.4797383749
Spectrum,-10,Palomar/ZTF.g,9477447.8132631,0,5750,4746.4797383749
Spectrum,-10,Palomar/ZTF.g,9450502.9445825,0.5,5750,4746.4797383749
Spectrum,-10,Palomar/ZTF.g,9372187.2960767,1,5750,4746.4797383749
Spectrum,-10,Palomar/ZTF.g,9251708.1630873,1.5,5750,4746.4797383749
Spectrum,-10,Palomar/ZTF.g,9102907.8798328,2,5750,4746.4797383749
Spectrum,-10,Palomar/ZTF.g,8941905.9944628,2.5,5750,4746.4797383749
Spectrum,-10,Palomar/ZTF.g,8785613.6547892,3,5750,4746.4797383749
Spectrum,-10,Palomar/ZTF.g,8647198.5140607,3.5,5750,4746.4797383749
Spectrum,-10,Palomar/ZTF.g,8536114.9426598,4,5750,4746.4797383749
Spectrum,-10,Palomar/ZTF.g,8456692.2546903,4.5,5750,4746.4797383749
Spectrum,-10,Palomar/ZTF.g,8400222.5923282,5,5750,4746.4797383749
Spectrum,-10,Palomar/ZTF.g,12368600.723386,0,6000,4746.4797383749
Spectrum,-10,Palomar/ZTF.g,12271409.466261,0.5,6000,4746.4797383749
Spectrum,-10,Palomar/ZTF.g,12107682.760914,1,6000,4746.4797383749
Spectrum,-10,Palomar/ZTF.g,11891535.309779,1.5,6000,4746.4797383749
Spectrum,-10,Palomar/ZTF.g,11642853.814232,2,6000,4746.4797383749
Spectrum,-10,Palomar/ZTF.g,11382772.225976,2.5,6000,4746.4797383749
Spectrum,-10,Palomar/ZTF.g,11129836.573847,3,6000,4746.4797383749
Spectrum,-10,Palomar/ZTF.g,10903126.408885,3.5,6000,4746.4797383749
Spectrum,-10,Palomar/ZTF.g,10721771.858736,4,6000,4746.4797383749
Spectrum,-10,Palomar/ZTF.g,10590240.998263,4.5,6000,4746.4797383749
Spectrum,-10,Palomar/ZTF.g,10502170.477049,5,6000,4746.4797383749
Spectrum,-10,Palomar/ZTF.g,15599957.151298,0.5,6250,4746.4797383749
Spectrum,-10,Palomar/ZTF.g,15343497.767266,1,6250,4746.4797383749
Spectrum,-10,Palomar/ZTF.g,15019394.092147,1.5,6250,4746.4797383749
Spectrum,-10,Palomar/ZTF.g,14652590.684717,2,6250,4746.4797383749
Spectrum,-10,Palomar/ZTF.g,14263540.107987,2.5,6250,4746.4797383749
Spectrum,-10,Palomar/ZTF.g,13879893.562203,3,6250,4746.4797383749
Spectrum,-10,Palomar/ZTF.g,13529951.70857,3.5,6250,4746.4797383749
Spectrum,-10,Palomar/ZTF.g,13236718.886699,4,6250,4746.4797383749
Spectrum,-10,Palomar/ZTF.g,13011876.813305,4.5,6250,4746.4797383749
Spectrum,-10,Palomar/ZTF.g,12865684.6159,5,6250,4746.4797383749
Spectrum,-10,Palomar/ZTF.g,19477957.521378,0.5,6500,4746.4797383749
Spectrum,-10,Palomar/ZTF.g,19135441.233448,1,6500,4746.4797383749
Spectrum,-10,Palomar/ZTF.g,18689343.941856,1.5,6500,4746.4797383749
Spectrum,-10,Palomar/ZTF.g,18183498.819643,2,6500,4746.4797383749
Spectrum,-10,Palomar/ZTF.g,17644824.31156,2.5,6500,4746.4797383749
Spectrum,-10,Palomar/ZTF.g,17102633.655873,3,6500,4746.4797383749
Spectrum,-10,Palomar/ZTF.g,16591201.902288,3.5,6500,4746.4797383749
Spectrum,-10,Palomar/ZTF.g,16140881.474647,4,6500,4746.4797383749
Spectrum,-10,Palomar/ZTF.g,15779821.445918,4.5,6500,4746.4797383749
Spectrum,-10,Palomar/ZTF.g,15526038.640568,5,6500,4746.4797383749
Spectrum,-10,Palomar/ZTF.g,23786010.293023,0.5,6750,4746.4797383749
Spectrum,-10,Palomar/ZTF.g,23530206.057741,1,6750,4746.4797383749
Spectrum,-10,Palomar/ZTF.g,22951819.977986,1.5,6750,4746.4797383749
Spectrum,-10,Palomar/ZTF.g,22285017.562452,2,6750,4746.4797383749
Spectrum,-10,Palomar/ZTF.g,21578151.582364,2.5,6750,4746.4797383749
Spectrum,-10,Palomar/ZTF.g,20853444.012865,3,6750,4746.4797383749
Spectrum,-10,Palomar/ZTF.g,20147025.304402,3.5,6750,4746.4797383749
Spectrum,-10,Palomar/ZTF.g,19501946.206531,4,6750,4746.4797383749
Spectrum,-10,Palomar/ZTF.g,18957777.155914,4.5,6750,4746.4797383749
Spectrum,-10,Palomar/ZTF.g,18540747.125555,5,6750,4746.4797383749
Spectrum,-10,Palomar/ZTF.g,28450854.87837,0.5,7000,4746.4797383749
Spectrum,-10,Palomar/ZTF.g,28330530.05045,1,7000,4746.4797383749
Spectrum,-10,Palomar/ZTF.g,27842984.3675,1.5,7000,4746.4797383749
Spectrum,-10,Palomar/ZTF.g,27012871.636469,2,7000,4746.4797383749
Spectrum,-10,Palomar/ZTF.g,26102061.047738,2.5,7000,4746.4797383749
Spectrum,-10,Palomar/ZTF.g,25172910.038078,3,7000,4746.4797383749
Spectrum,-10,Palomar/ZTF.g,24250161.185486,3.5,7000,4746.4797383749
Spectrum,-10,Palomar/ZTF.g,23377344.975689,4,7000,4746.4797383749
Spectrum,-10,Palomar/ZTF.g,22603893.37299,4.5,7000,4746.4797383749
Spectrum,-10,Palomar/ZTF.g,21970547.335476,5,7000,4746.4797383749
Spectrum,-10,Palomar/ZTF.g,33357674.77859,0.5,7250,4746.4797383749
Spectrum,-10,Palomar/ZTF.g,33460641.019141,1,7250,4746.4797383749
Spectrum,-10,Palomar/ZTF.g,33108676.999019,1.5,7250,4746.4797383749
Spectrum,-10,Palomar/ZTF.g,32364496.600577,2,7250,4746.4797383749
Spectrum,-10,Palomar/ZTF.g,31258145.251276,2.5,7250,4746.4797383749
Spectrum,-10,Palomar/ZTF.g,30096852.602997,3,7250,4746.4797383749
Spectrum,-10,Palomar/ZTF.g,28936744.514905,3.5,7250,4746.4797383749
Spectrum,-10,Palomar/ZTF.g,27807917.023748,4,7250,4746.4797383749
Spectrum,-10,Palomar/ZTF.g,26766820.024686,4.5,7250,4746.4797383749
Spectrum,-10,Palomar/ZTF.g,25874832.936007,5,7250,4746.4797383749
Spectrum,-10,Palomar/ZTF.g,38187838.824608,0.5,7500,4746.4797383749
Spectrum,-10,Palomar/ZTF.g,38792464.542242,1,7500,4746.4797383749
Spectrum,-10,Palomar/ZTF.g,38635804.579604,1.5,7500,4746.4797383749
Spectrum,-10,Palomar/ZTF.g,38028001.710159,2,7500,4746.4797383749
Spectrum,-10,Palomar/ZTF.g,37021064.191628,2.5,7500,4746.4797383749
Spectrum,-10,Palomar/ZTF.g,35643211.964607,3,7500,4746.4797383749
Spectrum,-10,Palomar/ZTF.g,34218884.96544,3.5,7500,4746.4797383749
Spectrum,-10,Palomar/ZTF.g,32816965.042287,4,7500,4746.4797383749
Spectrum,-10,Palomar/ZTF.g,31484456.991111,4.5,7500,4746.4797383749
Spectrum,-10,Palomar/ZTF.g,30294973.691943,5,7500,4746.4797383749
Spectrum,-10,Palomar/ZTF.g,44048118.924382,1,7750,4746.4797383749
Spectrum,-10,Palomar/ZTF.g,44288323.764866,1.5,7750,4746.4797383749
Spectrum,-10,Palomar/ZTF.g,43879024.401555,2,7750,4746.4797383749
Spectrum,-10,Palomar/ZTF.g,43038316.393201,2.5,7750,4746.4797383749
Spectrum,-10,Palomar/ZTF.g,41750961.898252,3,7750,4746.4797383749
Spectrum,-10,Palomar/ZTF.g,40095681.103756,3.5,7750,4746.4797383749
Spectrum,-10,Palomar/ZTF.g,38412673.604587,4,7750,4746.4797383749
Spectrum,-10,Palomar/ZTF.g,36774446.502064,4.5,7750,4746.4797383749
Spectrum,-10,Palomar/ZTF.g,35257342.203917,5,7750,4746.4797383749
Spectrum,-10,Palomar/ZTF.g,48864264.240685,1,8000,4746.4797383749
Spectrum,-10,Palomar/ZTF.g,49839414.699761,1.5,8000,4746.4797383749
Spectrum,-10,Palomar/ZTF.g,49751552.430394,2,8000,4746.4797383749
Spectrum,-10,Palomar/ZTF.g,49097934.457382,2.5,8000,4746.4797383749
Spectrum,-10,Palomar/ZTF.g,48017608.814317,3,8000,4746.4797383749
Spectrum,-10,Palomar/ZTF.g,46468220.811578,3.5,8000,4746.4797383749
Spectrum,-10,Palomar/ZTF.g,44564495.293727,4,8000,4746.4797383749
Spectrum,-10,Palomar/ZTF.g,42623918.686487,4.5,8000,4746.4797383749
Spectrum,-10,Palomar/ZTF.g,40771133.784151,5,8000,4746.4797383749
Spectrum,-10,Palomar/ZTF.g,52872260.330447,1,8250,4746.4797383749
Spectrum,-10,Palomar/ZTF.g,55108532.19926,1.5,8250,4746.4797383749
Spectrum,-10,Palomar/ZTF.g,55456778.320073,2,8250,4746.4797383749
Spectrum,-10,Palomar/ZTF.g,55057458.165849,2.5,8250,4746.4797383749
Spectrum,-10,Palomar/ZTF.g,54181833.260419,3,8250,4746.4797383749
Spectrum,-10,Palomar/ZTF.g,52894122.363836,3.5,8250,4746.4797383749
Spectrum,-10,Palomar/ZTF.g,51097227.141602,4,8250,4746.4797383749
Spectrum,-10,Palomar/ZTF.g,48976436.923543,4.5,8250,4746.4797383749
Spectrum,-10,Palomar/ZTF.g,46820483.545937,5,8250,4746.4797383749
Synspec,-10,Palomar/ZTF.g,58929866.380297,1.5,8500,4746.4797383749
Synspec,-10,Palomar/ZTF.g,60086896.466978,2,8500,4746.4797383749
Synspec,-10,Palomar/ZTF.g,60108389.017471,2.5,8500,4746.4797383749
Synspec,-10,Palomar/ZTF.g,59539438.658202,3,8500,4746.4797383749
Synspec,-10,Palomar/ZTF.g,58520428.767451,3.5,8500,4746.4797383749
Synspec,-10,Palomar/ZTF.g,57096859.732197,4,8500,4746.4797383749
Synspec,-10,Palomar/ZTF.g,55344311.98777,4.5,8500,4746.4797383749
Synspec,-10,Palomar/ZTF.g,53323223.724625,5,8500,4746.4797383749
Synspec,-10,Palomar/ZTF.g,67356911.156838,1.5,9000,4746.4797383749
Synspec,-10,Palomar/ZTF.g,69998157.664908,2,9000,4746.4797383749
Synspec,-10,Palomar/ZTF.g,70829970.385092,2.5,9000,4746.4797383749
Synspec,-10,Palomar/ZTF.g,70803580.936147,3,9000,4746.4797383749
Synspec,-10,Palomar/ZTF.g,70227685.415482,3.5,9000,4746.4797383749
Synspec,-10,Palomar/ZTF.g,69227538.80031,4,9000,4746.4797383749
Synspec,-10,Palomar/ZTF.g,67744999.883713,4.5,9000,4746.4797383749
Synspec,-10,Palomar/ZTF.g,65847882.089162,5,9000,4746.4797383749
Synspec,-10,Palomar/ZTF.g,79397172.185791,2,9500,4746.4797383749
Synspec,-10,Palomar/ZTF.g,80899657.963192,2.5,9500,4746.4797383749
Synspec,-10,Palomar/ZTF.g,81368437.101896,3,9500,4746.4797383749
Synspec,-10,Palomar/ZTF.g,81223575.034591,3.5,9500,4746.4797383749
Synspec,-10,Palomar/ZTF.g,80619946.476549,4,9500,4746.4797383749
Synspec,-10,Palomar/ZTF.g,79554055.746382,4.5,9500,4746.4797383749
Synspec,-10,Palomar/ZTF.g,78023485.49134,5,9500,4746.4797383749
Synspec,-10,Palomar/ZTF.g,88867623.232965,2,10000,4746.4797383749
Synspec,-10,Palomar/ZTF.g,90757040.757292,2.5,10000,4746.4797383749
Synspec,-10,Palomar/ZTF.g,91508901.188388,3,10000,4746.4797383749
Synspec,-10,Palomar/ZTF.g,91668257.621321,3.5,10000,4746.4797383749
Synspec,-10,Palomar/ZTF.g,91416767.713956,4,10000,4746.4797383749
Synspec,-10,Palomar/ZTF.g,90765560.254597,4.5,10000,4746.4797383749
Synspec,-10,Palomar/ZTF.g,89631771.566154,5,10000,4746.4797383749
Synspec,-10,Palomar/ZTF.g,98550133.415765,2,10500,4746.4797383749
Synspec,-10,Palomar/ZTF.g,100713348.45639,2.5,10500,4746.4797383749
Synspec,-10,Palomar/ZTF.g,101581090.65983,3,10500,4746.4797383749
Synspec,-10,Palomar/ZTF.g,101845994.44667,3.5,10500,4746.4797383749
Synspec,-10,Palomar/ZTF.g,101766544.60335,4,10500,4746.4797383749
Synspec,-10,Palomar/ZTF.g,101395946.05408,4.5,10500,4746.4797383749
Synspec,-10,Palomar/ZTF.g,100660571.40479,5,10500,4746.4797383749
Synspec,-10,Palomar/ZTF.g,110858837.54773,2.5,11000,4746.4797383749
Synspec,-10,Palomar/ZTF.g,111783136.77775,3,11000,4746.4797383749
Synspec,-10,Palomar/ZTF.g,112053978.02826,3.5,11000,4746.4797383749
Synspec,-10,Palomar/ZTF.g,112001861.25949,4,11000,4746.4797383749
Synspec,-10,Palomar/ZTF.g,111747838.50873,4.5,11000,4746.4797383749
Synspec,-10,Palomar/ZTF.g,111260276.35813,5,11000,4746.4797383749
Synspec,-10,Palomar/ZTF.g,121171454.50088,2.5,11500,4746.4797383749
Synspec,-10,Palomar/ZTF.g,122134789.32543,3,11500,4746.4797383749
Synspec,-10,Palomar/ZTF.g,122385712.17303,3.5,11500,4746.4797383749
Synspec,-10,Palomar/ZTF.g,122306699.70195,4,11500,4746.4797383749
Synspec,-10,Palomar/ZTF.g,122058148.90607,4.5,11500,4746.4797383749
Synspec,-10,Palomar/ZTF.g,121660034.59283,5,11500,4746.4797383749
Synspec,-10,Palomar/ZTF.g,131660573.5848,2.5,12000,4746.4797383749
Synspec,-10,Palomar/ZTF.g,132647702.85988,3,12000,4746.4797383749
Synspec,-10,Palomar/ZTF.g,132863761.34658,3.5,12000,4746.4797383749
Synspec,-10,Palomar/ZTF.g,132747326.46731,4,12000,4746.4797383749
Synspec,-10,Palomar/ZTF.g,132463222.85811,4.5,12000,4746.4797383749
Synspec,-10,Palomar/ZTF.g,132061792.63136,5,12000,4746.4797383749
Synspec,-10,Palomar/ZTF.g,142337780.69696,2.5,12500,4746.4797383749
Synspec,-10,Palomar/ZTF.g,143335608.07055,3,12500,4746.4797383749
Synspec,-10,Palomar/ZTF.g,143505015.59792,3.5,12500,4746.4797383749
Synspec,-10,Palomar/ZTF.g,143338510.92037,4,12500,4746.4797383749
Synspec,-10,Palomar/ZTF.g,143013161.64482,4.5,12500,4746.4797383749
Synspec,-10,Palomar/ZTF.g,142585620.90168,5,12500,4746.4797383749
Synspec,-10,Palomar/ZTF.g,153234161.64316,2.5,13000,4746.4797383749
Synspec,-10,Palomar/ZTF.g,154195797.18767,3,13000,4746.4797383749
Synspec,-10,Palomar/ZTF.g,154297278.23097,3.5,13000,4746.4797383749
Synspec,-10,Palomar/ZTF.g,154079669.21889,4,13000,4746.4797383749
Synspec,-10,Palomar/ZTF.g,153717642.92176,4.5,13000,4746.4797383749
Synspec,-10,Palomar/ZTF.g,153260069.00223,5,13000,4746.4797383749
Synspec,-10,Palomar/ZTF.g,175804037.36208,2.5,14000,4746.4797383749
Synspec,-10,Palomar/ZTF.g,176541377.72058,3,14000,4746.4797383749
Synspec,-10,Palomar/ZTF.g,176407329.9651,3.5,14000,4746.4797383749
Synspec,-10,Palomar/ZTF.g,176039214.14991,4,14000,4746.4797383749
Synspec,-10,Palomar/ZTF.g,175597244.10532,4.5,14000,4746.4797383749
Synspec,-10,Palomar/ZTF.g,175095192.07871,5,14000,4746.4797383749
Synspec,-10,Palomar/ZTF.g,199600386.14519,2.5,15000,4746.4797383749
Synspec,-10,Palomar/ZTF.g,199910626.58875,3,15000,4746.4797383749
Synspec,-10,Palomar/ZTF.g,199360404.30836,3.5,15000,4746.4797383749
Synspec,-10,Palomar/ZTF.g,198713565.45,4,15000,4746.4797383749
Synspec,-10,Palomar/ZTF.g,198140825.17037,4.5,15000,4746.4797383749
Synspec,-10,Palomar/ZTF.g,197591625.4675,5,15000,4746.4797383749
Synspec,-10,Palomar/ZTF.g,224762622.77795,2.5,16000,4746.4797383749
Synspec,-10,Palomar/ZTF.g,224489713.30025,3,16000,4746.4797383749
Synspec,-10,Palomar/ZTF.g,223314852.78349,3.5,16000,4746.4797383749
Synspec,-10,Palomar/ZTF.g,222231542.71424,4,16000,4746.4797383749
Synspec,-10,Palomar/ZTF.g,221408972.64639,4.5,16000,4746.4797383749
Synspec,-10,Palomar/ZTF.g,220765396.75547,5,16000,4746.4797383749
Synspec,-10,Palomar/ZTF.g,251449613.44454,2.5,17000,4746.4797383749
Synspec,-10,Palomar/ZTF.g,250479831.40717,3,17000,4746.4797383749
Synspec,-10,Palomar/ZTF.g,248454058.68458,3.5,17000,4746.4797383749
Synspec,-10,Palomar/ZTF.g,246773414.71533,4,17000,4746.4797383749
Synspec,-10,Palomar/ZTF.g,245554919.73988,4.5,17000,4746.4797383749
Synspec,-10,Palomar/ZTF.g,244715842.46835,5,17000,4746.4797383749
Synspec,-10,Palomar/ZTF.g,279726945.64893,2.5,18000,4746.4797383749
Synspec,-10,Palomar/ZTF.g,277970586.4244,3,18000,4746.4797383749
Synspec,-10,Palomar/ZTF.g,274941143.01845,3.5,18000,4746.4797383749
Synspec,-10,Palomar/ZTF.g,272470722.79788,4,18000,4746.4797383749
Synspec,-10,Palomar/ZTF.g,270730722.71248,4.5,18000,4746.4797383749
Synspec,-10,Palomar/ZTF.g,269570914.66048,5,18000,4746.4797383749
Synspec,-10,Palomar/ZTF.g,309704678.79244,2.5,19000,4746.4797383749
Synspec,-10,Palomar/ZTF.g,307120448.06052,3,19000,4746.4797383749
Synspec,-10,Palomar/ZTF.g,302874202.4091,3.5,19000,4746.4797383749
Synspec,-10,Palomar/ZTF.g,299448621.1464,4,19000,4746.4797383749
Synspec,-10,Palomar/ZTF.g,297044543.99875,4.5,19000,4746.4797383749
Synspec,-10,Palomar/ZTF.g,295460849.88112,5,19000,4746.4797383749
Synspec,-10,Palomar/ZTF.g,338006407.10349,3,20000,4746.4797383749
Synspec,-10,Palomar/ZTF.g,332343890.37558,3.5,20000,4746.4797383749
Synspec,-10,Palomar/ZTF.g,327803982.43074,4,20000,4746.4797383749
Synspec,-10,Palomar/ZTF.g,324629611.45693,4.5,20000,4746.4797383749
Synspec,-10,Palomar/ZTF.g,322515371.91073,5,20000,4746.4797383749
Synspec,-10,Palomar/ZTF.g,370826750.55743,3,21000,4746.4797383749
Synspec,-10,Palomar/ZTF.g,363458849.54992,3.5,21000,4746.4797383749
Synspec,-10,Palomar/ZTF.g,357636893.23295,4,21000,4746.4797383749
Synspec,-10,Palomar/ZTF.g,353554002.34108,4.5,21000,4746.4797383749
Synspec,-10,Palomar/ZTF.g,350833948.32097,5,21000,4746.4797383749
Synspec,-10,Palomar/ZTF.g,405688063.95902,3,22000,4746.4797383749
Synspec,-10,Palomar/ZTF.g,396329843.76431,3.5,22000,4746.4797383749
Synspec,-10,Palomar/ZTF.g,389025820.74218,4,22000,4746.4797383749
Synspec,-10,Palomar/ZTF.g,383899648.76868,4.5,22000,4746.4797383749
Synspec,-10,Palomar/ZTF.g,380492967.0106,5,22000,4746.4797383749
Synspec,-10,Palomar/ZTF.g,442878894.29223,3,23000,4746.4797383749
Synspec,-10,Palomar/ZTF.g,431109949.92548,3.5,23000,4746.4797383749
Synspec,-10,Palomar/ZTF.g,422091164.63863,4,23000,4746.4797383749
Synspec,-10,Palomar/ZTF.g,415787960.95667,4.5,23000,4746.4797383749
Synspec,-10,Palomar/ZTF.g,411602032.8838,5,23000,4746.4797383749
Synspec,-10,Palomar/ZTF.g,483079084.51084,3,24000,4746.4797383749
Synspec,-10,Palomar/ZTF.g,467937364.28579,3.5,24000,4746.4797383749
Synspec,-10,Palomar/ZTF.g,456976801.18806,4,24000,4746.4797383749
Synspec,-10,Palomar/ZTF.g,449341653.70712,4.5,24000,4746.4797383749
Synspec,-10,Palomar/ZTF.g,444281239.46699,5,24000,4746.4797383749
Synspec,-10,Palomar/ZTF.g,527891822.46764,3,25000,4746.4797383749
Synspec,-10,Palomar/ZTF.g,507076271.11837,3.5,25000,4746.4797383749
Synspec,-10,Palomar/ZTF.g,493809464.29969,4,25000,4746.4797383749
Synspec,-10,Palomar/ZTF.g,484712888.31436,4.5,25000,4746.4797383749
Synspec,-10,Palomar/ZTF.g,478684249.19782,5,25000,4746.4797383749
Synspec,-10,Palomar/ZTF.g,578791254.27482,3,26000,4746.4797383749
Synspec,-10,Palomar/ZTF.g,549370748.43031,3.5,26000,4746.4797383749
Synspec,-10,Palomar/ZTF.g,532868835.66755,4,26000,4746.4797383749
Synspec,-10,Palomar/ZTF.g,522124744.58983,4.5,26000,4746.4797383749
Synspec,-10,Palomar/ZTF.g,515020345.83758,5,26000,4746.4797383749
Synspec,-10,Palomar/ZTF.g,595978307.04406,3.5,27000,4746.4797383749
Synspec,-10,Palomar/ZTF.g,574637283.72234,4,27000,4746.4797383749
Synspec,-10,Palomar/ZTF.g,561807523.33277,4.5,27000,4746.4797383749
Synspec,-10,Palomar/ZTF.g,553552384.14924,5,27000,4746.4797383749
Tlusty,-10,Palomar/ZTF.g,609352991.63187,3,27500,4746.4797383749
Tlusty,-10,Palomar/ZTF.g,613868772.22231,3.25,27500,4746.4797383749
Tlusty,-10,Palomar/ZTF.g,607722377.37522,3.5,27500,4746.4797383749
Tlusty,-10,Palomar/ZTF.g,599975919.99311,3.75,27500,4746.4797383749
Tlusty,-10,Palomar/ZTF.g,593249762.12781,4,27500,4746.4797383749
Tlusty,-10,Palomar/ZTF.g,587712735.46668,4.25,27500,4746.4797383749
Tlusty,-10,Palomar/ZTF.g,583044169.82814,4.5,27500,4746.4797383749
Tlusty,-10,Palomar/ZTF.g,578943573.75554,4.75,27500,4746.4797383749
Tlusty,-10,Palomar/ZTF.g,679630553.22967,3,30000,4746.4797383749
Tlusty,-10,Palomar/ZTF.g,720119124.1271,3.25,30000,4746.4797383749
Tlusty,-10,Palomar/ZTF.g,722516122.29426,3.5,30000,4746.4797383749
Tlusty,-10,Palomar/ZTF.g,716681320.76688,3.75,30000,4746.4797383749
Tlusty,-10,Palomar/ZTF.g,708730971.1256,4,30000,4746.4797383749
Tlusty,-10,Palomar/ZTF.g,700860139.98458,4.25,30000,4746.4797383749
Tlusty,-10,Palomar/ZTF.g,694070604.60756,4.5,30000,4746.4797383749
Tlusty,-10,Palomar/ZTF.g,688453526.89281,4.75,30000,4746.4797383749
Tlusty,-10,Palomar/ZTF.g,799452642.43897,3.25,32500,4746.4797383749
Tlusty,-10,Palomar/ZTF.g,830384125.59677,3.5,32500,4746.4797383749
Tlusty,-10,Palomar/ZTF.g,835768890.639,3.75,32500,4746.4797383749
Tlusty,-10,Palomar/ZTF.g,832276186.96888,4,32500,4746.4797383749
Tlusty,-10,Palomar/ZTF.g,826661083.03269,4.25,32500,4746.4797383749
Tlusty,-10,Palomar/ZTF.g,820591849.92088,4.5,32500,4746.4797383749
Tlusty,-10,Palomar/ZTF.g,814885537.7477,4.75,32500,4746.4797383749
Tlusty,-10,Palomar/ZTF.g,848661291.86061,3.25,35000,4746.4797383749
Tlusty,-10,Palomar/ZTF.g,909757823.04059,3.5,35000,4746.4797383749
Tlusty,-10,Palomar/ZTF.g,935520423.42989,3.75,35000,4746.4797383749
Tlusty,-10,Palomar/ZTF.g,945223240.61388,4,35000,4746.4797383749
Tlusty,-10,Palomar/ZTF.g,947620641.05031,4.25,35000,4746.4797383749
Tlusty,-10,Palomar/ZTF.g,946460763.89652,4.5,35000,4746.4797383749
Tlusty,-10,Palomar/ZTF.g,944130770.32854,4.75,35000,4746.4797383749
Tlusty,-10,Palomar/ZTF.g,974717080.20678,3.5,37500,4746.4797383749
Tlusty,-10,Palomar/ZTF.g,1012863382.4477,3.75,37500,4746.4797383749
Tlusty,-10,Palomar/ZTF.g,1033530935.7538,4,37500,4746.4797383749
Tlusty,-10,Palomar/ZTF.g,1045386742.4368,4.25,37500,4746.4797383749
Tlusty,-10,Palomar/ZTF.g,1052169093.8092,4.5,37500,4746.4797383749
Tlusty,-10,Palomar/ZTF.g,1056040968.4561,4.75,37500,4746.4797383749
Tlusty,-10,Palomar/ZTF.g,1032042444.9492,3.5,40000,4746.4797383749
Tlusty,-10,Palomar/ZTF.g,1085454790.2876,3.75,40000,4746.4797383749
Tlusty,-10,Palomar/ZTF.g,1111156004.5668,4,40000,4746.4797383749
Tlusty,-10,Palomar/ZTF.g,1126622848.5162,4.25,40000,4746.4797383749
Tlusty,-10,Palomar/ZTF.g,1137805396.9118,4.5,40000,4746.4797383749
Tlusty,-10,Palomar/ZTF.g,1145971593.2863,4.75,40000,4746.4797383749
Tlusty,-10,Palomar/ZTF.g,1157455107.8919,3.75,42500,4746.4797383749
Tlusty,-10,Palomar/ZTF.g,1187429154.6559,4,42500,4746.4797383749
Tlusty,-10,Palomar/ZTF.g,1204141004.2118,4.25,42500,4746.4797383749
Tlusty,-10,Palomar/ZTF.g,1215981070.9714,4.5,42500,4746.4797383749
Tlusty,-10,Palomar/ZTF.g,1225104889.1489,4.75,42500,4746.4797383749
Tlusty,-10,Palomar/ZTF.g,1221330075.3819,3.75,45000,4746.4797383749
Tlusty,-10,Palomar/ZTF.g,1265112971.7774,4,45000,4746.4797383749
Tlusty,-10,Palomar/ZTF.g,1282997969.9333,4.25,45000,4746.4797383749
Tlusty,-10,Palomar/ZTF.g,1293783932.2633,4.5,45000,4746.4797383749
Tlusty,-10,Palomar/ZTF.g,1301730627.7138,4.75,45000,4746.4797383749
Tlusty,-10,Palomar/ZTF.g,1270012934.0235,3.75,47500,4746.4797383749
Tlusty,-10,Palomar/ZTF.g,1339433994.1255,4,47500,4746.4797383749
Tlusty,-10,Palomar/ZTF.g,1363031176.3111,4.25,47500,4746.4797383749
Tlusty,-10,Palomar/ZTF.g,1373501506.2705,4.5,47500,4746.4797383749
Tlusty,-10,Palomar/ZTF.g,1379740707.832,4.75,47500,4746.4797383749
Tlusty,-10,Palomar/ZTF.g,1407453279.2739,4,50000,4746.4797383749
Tlusty,-10,Palomar/ZTF.g,1440830755.61,4.25,50000,4746.4797383749
Tlusty,-10,Palomar/ZTF.g,1453963190.4211,4.5,50000,4746.4797383749
Tlusty,-10,Palomar/ZTF.g,1459460991.9212,4.75,50000,4746.4797383749
Tlusty,-10,Palomar/ZTF.g,1469309615.2579,4,52500,4746.4797383749
Tlusty,-10,Palomar/ZTF.g,1515005950.4097,4.25,52500,4746.4797383749
Tlusty,-10,Palomar/ZTF.g,1532857150.4488,4.5,52500,4746.4797383749
Tlusty,-10,Palomar/ZTF.g,1539610474.2695,4.75,52500,4746.4797383749
Tlusty,-10,Palomar/ZTF.g,1521004609.1527,4,55000,4746.4797383749
Tlusty,-10,Palomar/ZTF.g,1586780714.9012,4.25,55000,4746.4797383749
Tlusty,-10,Palomar/ZTF.g,1609339883.4378,4.5,55000,4746.4797383749
Tlusty,-10,Palomar/ZTF.g,1618300543.4604,4.75,55000,4746.4797383749
Phoenix,3,Palomar/ZTF.g,3326.4568501427,0.5,3000,4746.4797383749
Phoenix,3,Palomar/ZTF.g,5447.4119553911,1,3000,4746.4797383749
Phoenix,3,Palomar/ZTF.g,8279.1164205245,1.5,3000,4746.4797383749
Phoenix,3,Palomar/ZTF.g,11511.24469088,2,3000,4746.4797383749
Phoenix,3,Palomar/ZTF.g,15158.726329217,2.5,3000,4746.4797383749
Phoenix,3,Palomar/ZTF.g,21915.667392107,3,3000,4746.4797383749
Phoenix,3,Palomar/ZTF.g,29848.039241212,3.5,3000,4746.4797383749
Phoenix,3,Palomar/ZTF.g,35505.065094351,4,3000,4746.4797383749
Phoenix,3,Palomar/ZTF.g,38114.502393889,4.5,3000,4746.4797383749
Phoenix,3,Palomar/ZTF.g,37660.138873395,5,3000,4746.4797383749
Phoenix,3,Palomar/ZTF.g,35304.742446196,5.5,3000,4746.4797383749
Phoenix,3,Palomar/ZTF.g,28591.258851164,-0.5,3500,4746.4797383749
Phoenix,3,Palomar/ZTF.g,53008.764967521,0,3500,4746.4797383749
Phoenix,3,Palomar/ZTF.g,66557.767489973,0.5,3500,4746.4797383749
Phoenix,3,Palomar/ZTF.g,72793.150556472,1,3500,4746.4797383749
Phoenix,3,Palomar/ZTF.g,74960.068121536,1.5,3500,4746.4797383749
Phoenix,3,Palomar/ZTF.g,75081.653371975,2,3500,4746.4797383749
Phoenix,3,Palomar/ZTF.g,77514.815263822,2.5,3500,4746.4797383749
Phoenix,3,Palomar/ZTF.g,85640.393633458,3,3500,4746.4797383749
Phoenix,3,Palomar/ZTF.g,101317.81955336,3.5,3500,4746.4797383749
Phoenix,3,Palomar/ZTF.g,128151.88784828,4,3500,4746.4797383749
Phoenix,3,Palomar/ZTF.g,157059.08050468,4.5,3500,4746.4797383749
Phoenix,3,Palomar/ZTF.g,175070.63238059,5,3500,4746.4797383749
Phoenix,3,Palomar/ZTF.g,182513.02034403,5.5,3500,4746.4797383749
Phoenix,3,Palomar/ZTF.g,202256.32087222,-0.5,4000,4746.4797383749
Phoenix,3,Palomar/ZTF.g,339428.09945551,0,4000,4746.4797383749
Phoenix,3,Palomar/ZTF.g,436509.67566683,0.5,4000,4746.4797383749
Phoenix,3,Palomar/ZTF.g,494307.47484363,1,4000,4746.4797383749
Phoenix,3,Palomar/ZTF.g,524928.89205558,1.5,4000,4746.4797383749
Phoenix,3,Palomar/ZTF.g,533271.34968935,2,4000,4746.4797383749
Phoenix,3,Palomar/ZTF.g,529332.2054094,2.5,4000,4746.4797383749
Phoenix,3,Palomar/ZTF.g,520770.53445137,3,4000,4746.4797383749
Phoenix,3,Palomar/ZTF.g,509822.76171446,3.5,4000,4746.4797383749
Phoenix,3,Palomar/ZTF.g,504267.64182083,4,4000,4746.4797383749
Phoenix,3,Palomar/ZTF.g,510400.57755076,4.5,4000,4746.4797383749
Phoenix,3,Palomar/ZTF.g,537848.68266198,5,4000,4746.4797383749
Phoenix,3,Palomar/ZTF.g,563945.46533624,5.5,4000,4746.4797383749
Phoenix,3,Palomar/ZTF.g,549371.85623385,-0.5,4500,4746.4797383749
Phoenix,3,Palomar/ZTF.g,944162.73177852,0,4500,4746.4797383749
Phoenix,3,Palomar/ZTF.g,1224961.9727586,0.5,4500,4746.4797383749
Phoenix,3,Palomar/ZTF.g,1400284.0167247,1,4500,4746.4797383749
Phoenix,3,Palomar/ZTF.g,1505997.7583554,1.5,4500,4746.4797383749
Phoenix,3,Palomar/ZTF.g,1556007.393391,2,4500,4746.4797383749
Phoenix,3,Palomar/ZTF.g,1571547.4220644,2.5,4500,4746.4797383749
Phoenix,3,Palomar/ZTF.g,1562175.1623226,3,4500,4746.4797383749
Phoenix,3,Palomar/ZTF.g,1536518.1671134,3.5,4500,4746.4797383749
Phoenix,3,Palomar/ZTF.g,1503044.3508379,4,4500,4746.4797383749
Phoenix,3,Palomar/ZTF.g,1466080.6782468,4.5,4500,4746.4797383749
Phoenix,3,Palomar/ZTF.g,1429706.4497453,5,4500,4746.4797383749
Phoenix,3,Palomar/ZTF.g,1411549.4780875,5.5,4500,4746.4797383749
Spectrum,3,Palomar/ZTF.g,2370976.833859,0,4750,4746.4797383749
Spectrum,3,Palomar/ZTF.g,2452651.8865075,0.5,4750,4746.4797383749
Spectrum,3,Palomar/ZTF.g,2517876.1452203,1,4750,4746.4797383749
Spectrum,3,Palomar/ZTF.g,2567202.5854224,1.5,4750,4746.4797383749
Spectrum,3,Palomar/ZTF.g,2601279.9049539,2,4750,4746.4797383749
Spectrum,3,Palomar/ZTF.g,2624827.5515342,2.5,4750,4746.4797383749
Spectrum,3,Palomar/ZTF.g,2632202.4129894,3,4750,4746.4797383749
Spectrum,3,Palomar/ZTF.g,2623820.6620602,3.5,4750,4746.4797383749
Spectrum,3,Palomar/ZTF.g,2600152.3420842,4,4750,4746.4797383749
Spectrum,3,Palomar/ZTF.g,2559177.5107592,4.5,4750,4746.4797383749
Spectrum,3,Palomar/ZTF.g,2497552.0807853,5,4750,4746.4797383749
Spectrum,3,Palomar/ZTF.g,3513478.2566586,0,5000,4746.4797383749
Spectrum,3,Palomar/ZTF.g,3600849.7708589,0.5,5000,4746.4797383749
Spectrum,3,Palomar/ZTF.g,3660942.5120602,1,5000,4746.4797383749
Spectrum,3,Palomar/ZTF.g,3701583.2620585,1.5,5000,4746.4797383749
Spectrum,3,Palomar/ZTF.g,3732062.2278988,2,5000,4746.4797383749
Spectrum,3,Palomar/ZTF.g,3752851.9034636,2.5,5000,4746.4797383749
Spectrum,3,Palomar/ZTF.g,3766180.5489546,3,5000,4746.4797383749
Spectrum,3,Palomar/ZTF.g,3763815.3921363,3.5,5000,4746.4797383749
Spectrum,3,Palomar/ZTF.g,3749036.9504233,4,5000,4746.4797383749
Spectrum,3,Palomar/ZTF.g,3714056.6818523,4.5,5000,4746.4797383749
Spectrum,3,Palomar/ZTF.g,3654403.8376247,5,5000,4746.4797383749
Spectrum,3,Palomar/ZTF.g,5015348.9089078,0,5250,4746.4797383749
Spectrum,3,Palomar/ZTF.g,5095087.19526,0.5,5250,4746.4797383749
Spectrum,3,Palomar/ZTF.g,5140558.5206542,1,5250,4746.4797383749
Spectrum,3,Palomar/ZTF.g,5165367.1975269,1.5,5250,4746.4797383749
Spectrum,3,Palomar/ZTF.g,5175970.5667364,2,5250,4746.4797383749
Spectrum,3,Palomar/ZTF.g,5183619.0362831,2.5,5250,4746.4797383749
Spectrum,3,Palomar/ZTF.g,5185550.2176145,3,5250,4746.4797383749
Spectrum,3,Palomar/ZTF.g,5182063.0847573,3.5,5250,4746.4797383749
Spectrum,3,Palomar/ZTF.g,5172647.4736844,4,5250,4746.4797383749
Spectrum,3,Palomar/ZTF.g,5144942.27421,4.5,5250,4746.4797383749
Spectrum,3,Palomar/ZTF.g,5095789.119827,5,5250,4746.4797383749
Spectrum,3,Palomar/ZTF.g,7049437.6994491,0,5500,4746.4797383749
Spectrum,3,Palomar/ZTF.g,6970169.2165669,0.5,5500,4746.4797383749
Spectrum,3,Palomar/ZTF.g,6988573.0810468,1,5500,4746.4797383749
Spectrum,3,Palomar/ZTF.g,6990567.0481333,1.5,5500,4746.4797383749
Spectrum,3,Palomar/ZTF.g,6973783.1988786,2,5500,4746.4797383749
Spectrum,3,Palomar/ZTF.g,6954423.01139,2.5,5500,4746.4797383749
Spectrum,3,Palomar/ZTF.g,6931109.5558054,3,5500,4746.4797383749
Spectrum,3,Palomar/ZTF.g,6912303.9495052,3.5,5500,4746.4797383749
Spectrum,3,Palomar/ZTF.g,6891948.1619743,4,5500,4746.4797383749
Spectrum,3,Palomar/ZTF.g,6864458.3860859,4.5,5500,4746.4797383749
Spectrum,3,Palomar/ZTF.g,6822667.5712544,5,5500,4746.4797383749
Spectrum,3,Palomar/ZTF.g,9489552.7865562,0,5750,4746.4797383749
Spectrum,3,Palomar/ZTF.g,9456657.0460911,0.5,5750,4746.4797383749
Spectrum,3,Palomar/ZTF.g,9238425.9089922,1,5750,4746.4797383749
Spectrum,3,Palomar/ZTF.g,9190978.7767203,1.5,5750,4746.4797383749
Spectrum,3,Palomar/ZTF.g,9138791.720897,2,5750,4746.4797383749
Spectrum,3,Palomar/ZTF.g,9086094.3452279,2.5,5750,4746.4797383749
Spectrum,3,Palomar/ZTF.g,9029490.3626094,3,5750,4746.4797383749
Spectrum,3,Palomar/ZTF.g,8984665.7534727,3.5,5750,4746.4797383749
Spectrum,3,Palomar/ZTF.g,8942447.3856179,4,5750,4746.4797383749
Spectrum,3,Palomar/ZTF.g,8903574.2226507,4.5,5750,4746.4797383749
Spectrum,3,Palomar/ZTF.g,8856362.1175588,5,5750,4746.4797383749
Spectrum,3,Palomar/ZTF.g,12402208.468994,0,6000,4746.4797383749
Spectrum,3,Palomar/ZTF.g,12345402.595358,0.5,6000,4746.4797383749
Spectrum,3,Palomar/ZTF.g,12195750.952745,1,6000,4746.4797383749
Spectrum,3,Palomar/ZTF.g,11814691.70974,1.5,6000,4746.4797383749
Spectrum,3,Palomar/ZTF.g,11698856.527021,2,6000,4746.4797383749
Spectrum,3,Palomar/ZTF.g,11597447.5486,2.5,6000,4746.4797383749
Spectrum,3,Palomar/ZTF.g,11502100.881256,3,6000,4746.4797383749
Spectrum,3,Palomar/ZTF.g,11418505.78211,3.5,6000,4746.4797383749
Spectrum,3,Palomar/ZTF.g,11344520.614148,4,6000,4746.4797383749
Spectrum,3,Palomar/ZTF.g,11278686.332191,4.5,6000,4746.4797383749
Spectrum,3,Palomar/ZTF.g,11213132.602691,5,6000,4746.4797383749
Spectrum,3,Palomar/ZTF.g,15739445.862955,0.5,6250,4746.4797383749
Spectrum,3,Palomar/ZTF.g,15541028.059785,1,6250,4746.4797383749
Spectrum,3,Palomar/ZTF.g,15235615.428124,1.5,6250,4746.4797383749
Spectrum,3,Palomar/ZTF.g,14717274.741369,2,6250,4746.4797383749
Spectrum,3,Palomar/ZTF.g,14527849.684194,2.5,6250,4746.4797383749
Spectrum,3,Palomar/ZTF.g,14372621.496995,3,6250,4746.4797383749
Spectrum,3,Palomar/ZTF.g,14232327.911471,3.5,6250,4746.4797383749
Spectrum,3,Palomar/ZTF.g,14106177.393778,4,6250,4746.4797383749
Spectrum,3,Palomar/ZTF.g,14003501.0903,4.5,6250,4746.4797383749
Spectrum,3,Palomar/ZTF.g,13905433.329997,5,6250,4746.4797383749
Spectrum,3,Palomar/ZTF.g,19617605.284161,0.5,6500,4746.4797383749
Spectrum,3,Palomar/ZTF.g,19458132.632726,1,6500,4746.4797383749
Spectrum,3,Palomar/ZTF.g,19094099.496795,1.5,6500,4746.4797383749
Spectrum,3,Palomar/ZTF.g,18599382.900503,2,6500,4746.4797383749
Spectrum,3,Palomar/ZTF.g,17965172.992506,2.5,6500,4746.4797383749
Spectrum,3,Palomar/ZTF.g,17688586.396033,3,6500,4746.4797383749
Spectrum,3,Palomar/ZTF.g,17460286.629736,3.5,6500,4746.4797383749
Spectrum,3,Palomar/ZTF.g,17258483.808348,4,6500,4746.4797383749
Spectrum,3,Palomar/ZTF.g,17096557.609702,4.5,6500,4746.4797383749
Spectrum,3,Palomar/ZTF.g,16945222.981743,5,6500,4746.4797383749
Spectrum,3,Palomar/ZTF.g,23869632.678458,0.5,6750,4746.4797383749
Spectrum,3,Palomar/ZTF.g,23850387.488684,1,6750,4746.4797383749
Spectrum,3,Palomar/ZTF.g,23522799.197777,1.5,6750,4746.4797383749
Spectrum,3,Palomar/ZTF.g,22972977.098898,2,6750,4746.4797383749
Spectrum,3,Palomar/ZTF.g,22244033.518778,2.5,6750,4746.4797383749
Spectrum,3,Palomar/ZTF.g,21517904.822201,3,6750,4746.4797383749
Spectrum,3,Palomar/ZTF.g,21139654.875779,3.5,6750,4746.4797383749
Spectrum,3,Palomar/ZTF.g,20824569.523641,4,6750,4746.4797383749
Spectrum,3,Palomar/ZTF.g,20549820.124183,4.5,6750,4746.4797383749
Spectrum,3,Palomar/ZTF.g,20324013.078722,5,6750,4746.4797383749
Spectrum,3,Palomar/ZTF.g,28486090.160751,0.5,7000,4746.4797383749
Spectrum,3,Palomar/ZTF.g,28618641.832637,1,7000,4746.4797383749
Spectrum,3,Palomar/ZTF.g,28462450.140322,1.5,7000,4746.4797383749
Spectrum,3,Palomar/ZTF.g,27940684.37846,2,7000,4746.4797383749
Spectrum,3,Palomar/ZTF.g,27158058.925986,2.5,7000,4746.4797383749
Spectrum,3,Palomar/ZTF.g,26174970.342167,3,7000,4746.4797383749
Spectrum,3,Palomar/ZTF.g,25378737.485884,3.5,7000,4746.4797383749
Spectrum,3,Palomar/ZTF.g,24895812.779895,4,7000,4746.4797383749
Spectrum,3,Palomar/ZTF.g,24474705.964435,4.5,7000,4746.4797383749
Spectrum,3,Palomar/ZTF.g,24117167.586286,5,7000,4746.4797383749
Spectrum,3,Palomar/ZTF.g,33385256.968804,0.5,7250,4746.4797383749
Spectrum,3,Palomar/ZTF.g,33757024.977408,1,7250,4746.4797383749
Spectrum,3,Palomar/ZTF.g,33718169.056855,1.5,7250,4746.4797383749
Spectrum,3,Palomar/ZTF.g,33390424.947424,2,7250,4746.4797383749
Spectrum,3,Palomar/ZTF.g,32621694.907322,2.5,7250,4746.4797383749
Spectrum,3,Palomar/ZTF.g,31553681.395106,3,7250,4746.4797383749
Spectrum,3,Palomar/ZTF.g,30330655.97248,3.5,7250,4746.4797383749
Spectrum,3,Palomar/ZTF.g,29495626.64143,4,7250,4746.4797383749
Spectrum,3,Palomar/ZTF.g,28877585.982673,4.5,7250,4746.4797383749
Spectrum,3,Palomar/ZTF.g,28345764.236802,5,7250,4746.4797383749
Spectrum,3,Palomar/ZTF.g,39103904.529014,1,7500,4746.4797383749
Spectrum,3,Palomar/ZTF.g,39277581.229065,1.5,7500,4746.4797383749
Spectrum,3,Palomar/ZTF.g,39073962.264669,2,7500,4746.4797383749
Spectrum,3,Palomar/ZTF.g,38560806.159402,2.5,7500,4746.4797383749
