alpha,filter,flux,lh,logg,meta,teff,vtur,wavelength
0,JWST/NIRCam.F480M,8703.5837494536,1.25,0,-0.5,3500,2,48139.105123907
0,JWST/NIRCam.F480M,8822.3519455453,1.25,0.5,-0.5,3500,2,48139.105123907
0,JWST/NIRCam.F480M,8927.8708525823,1.25,1,-0.5,3500,2,48139.105123907
0,JWST/NIRCam.F480M,9011.7810546013,1.25,1.5,-0.5,3500,2,48139.105123907
0,JWST/NIRCam.F480M,9065.854772968,1.25,2,-0.5,3500,2,48139.105123907
0,JWST/NIRCam.F480M,9084.3692804325,1.25,2.5,-0.5,3500,2,48139.105123907
0,JWST/NIRCam.F480M,9135.969388636,1.25,3,-0.5,3500,2,48139.105123907
0,JWST/NIRCam.F480M,9271.1780083552,1.25,3.5,-0.5,3500,2,48139.105123907
0,JWST/NIRCam.F480M,9339.4446521485,1.25,4,-0.5,3500,2,48139.105123907
0,JWST/NIRCam.F480M,9323.1216496858,1.25,4.5,-0.5,3500,2,48139.105123907
0,JWST/NIRCam.F480M,9240.9259520974,1.25,5,-0.5,3500,2,48139.105123907
0,JWST/NIRCam.F480M,130786.69357881,1.25,4,-0.5,36000,2,48139.105123907
0,JWST/NIRCam.F480M,126308.53444081,1.25,4.5,-0.5,36000,2,48139.105123907
0,JWST/NIRCam.F480M,123279.32049591,1.25,5,-0.5,36000,2,48139.105123907
0,JWST/NIRCam.F480M,135630.68678368,1.25,4,-0.5,37000,2,48139.105123907
0,JWST/NIRCam.F480M,131753.92204066,1.25,4.5,-0.5,37000,2,48139.105123907
0,JWST/NIRCam.F480M,128834.71906012,1.25,5,-0.5,37000,2,48139.105123907
0,JWST/NIRCam.F480M,9550.6974058508,1.25,0,-0.5,3750,2,48139.105123907
0,JWST/NIRCam.F480M,9690.1617300782,1.25,0.5,-0.5,3750,2,48139.105123907
0,JWST/NIRCam.F480M,9821.1060688652,1.25,1,-0.5,3750,2,48139.105123907
0,JWST/NIRCam.F480M,9937.4349505476,1.25,1.5,-0.5,3750,2,48139.105123907
0,JWST/NIRCam.F480M,10032.097054805,1.25,2,-0.5,3750,2,48139.105123907
0,JWST/NIRCam.F480M,10096.593323775,1.25,2.5,-0.5,3750,2,48139.105123907
0,JWST/NIRCam.F480M,10140.085370689,1.25,3,-0.5,3750,2,48139.105123907
0,JWST/NIRCam.F480M,10257.02297191,1.25,3.5,-0.5,3750,2,48139.105123907
0,JWST/NIRCam.F480M,10444.662177482,1.25,4,-0.5,3750,2,48139.105123907
0,JWST/NIRCam.F480M,10557.875474386,1.25,4.5,-0.5,3750,2,48139.105123907
0,JWST/NIRCam.F480M,10558.156266876,1.25,5,-0.5,3750,2,48139.105123907
0,JWST/NIRCam.F480M,139862.2866409,1.25,4,-0.5,38000,2,48139.105123907
0,JWST/NIRCam.F480M,136789.38665274,1.25,4.5,-0.5,38000,2,48139.105123907
0,JWST/NIRCam.F480M,134196.23525634,1.25,5,-0.5,38000,2,48139.105123907
0,JWST/NIRCam.F480M,143661.88037933,1.25,4,-0.5,39000,2,48139.105123907
0,JWST/NIRCam.F480M,141296.90416886,1.25,4.5,-0.5,39000,2,48139.105123907
0,JWST/NIRCam.F480M,139210.26596674,1.25,5,-0.5,39000,2,48139.105123907
0,JWST/NIRCam.F480M,145318.52695616,1.25,4.5,-0.5,40000,2,48139.105123907
0,JWST/NIRCam.F480M,143776.63618083,1.25,5,-0.5,40000,2,48139.105123907
0,JWST/NIRCam.F480M,10412.515399826,1.25,0,-0.5,4000,2,48139.105123907
0,JWST/NIRCam.F480M,10578.531141967,1.25,0.5,-0.5,4000,2,48139.105123907
0,JWST/NIRCam.F480M,10737.893645868,1.25,1,-0.5,4000,2,48139.105123907
0,JWST/NIRCam.F480M,10885.390724243,1.25,1.5,-0.5,4000,2,48139.105123907
0,JWST/NIRCam.F480M,11013.229178368,1.25,2,-0.5,4000,2,48139.105123907
0,JWST/NIRCam.F480M,11117.488472707,1.25,2.5,-0.5,4000,2,48139.105123907
0,JWST/NIRCam.F480M,11190.957819544,1.25,3,-0.5,4000,2,48139.105123907
0,JWST/NIRCam.F480M,11246.904974825,1.25,3.5,-0.5,4000,2,48139.105123907
0,JWST/NIRCam.F480M,11405.652990081,1.25,4,-0.5,4000,2,48139.105123907
0,JWST/NIRCam.F480M,11632.370842354,1.25,4.5,-0.5,4000,2,48139.105123907
0,JWST/NIRCam.F480M,11781.817467587,1.25,5,-0.5,4000,2,48139.105123907
0,JWST/NIRCam.F480M,148966.14630727,1.25,4.5,-0.5,41000,2,48139.105123907
0,JWST/NIRCam.F480M,147886.36125073,1.25,5,-0.5,41000,2,48139.105123907
0,JWST/NIRCam.F480M,152373.53486823,1.25,4.5,-0.5,42000,2,48139.105123907
0,JWST/NIRCam.F480M,151590.38390523,1.25,5,-0.5,42000,2,48139.105123907
0,JWST/NIRCam.F480M,11339.465261696,1.25,0,-0.5,4250,2,48139.105123907
0,JWST/NIRCam.F480M,11511.658091713,1.25,0.5,-0.5,4250,2,48139.105123907
0,JWST/NIRCam.F480M,11689.495861317,1.25,1,-0.5,4250,2,48139.105123907
0,JWST/NIRCam.F480M,11860.348958827,1.25,1.5,-0.5,4250,2,48139.105123907
0,JWST/NIRCam.F480M,12016.243938667,1.25,2,-0.5,4250,2,48139.105123907
0,JWST/NIRCam.F480M,12150.236848317,1.25,2.5,-0.5,4250,2,48139.105123907
0,JWST/NIRCam.F480M,12257.927376102,1.25,3,-0.5,4250,2,48139.105123907
0,JWST/NIRCam.F480M,12338.806103755,1.25,3.5,-0.5,4250,2,48139.105123907
0,JWST/NIRCam.F480M,12404.069290008,1.25,4,-0.5,4250,2,48139.105123907
0,JWST/NIRCam.F480M,12570.05402267,1.25,4.5,-0.5,4250,2,48139.105123907
0,JWST/NIRCam.F480M,12805.883938866,1.25,5,-0.5,4250,2,48139.105123907
0,JWST/NIRCam.F480M,155666.15871285,1.25,4.5,-0.5,43000,2,48139.105123907
0,JWST/NIRCam.F480M,155010.18749474,1.25,5,-0.5,43000,2,48139.105123907
0,JWST/NIRCam.F480M,158922.88051218,1.25,4.5,-0.5,44000,2,48139.105123907
0,JWST/NIRCam.F480M,158257.0534364,1.25,5,-0.5,44000,2,48139.105123907
0,JWST/NIRCam.F480M,162167.70223959,1.25,4.5,-0.5,45000,2,48139.105123907
0,JWST/NIRCam.F480M,161417.15272144,1.25,5,-0.5,45000,2,48139.105123907
0,JWST/NIRCam.F480M,12452.660857477,1.25,0,-0.5,4500,2,48139.105123907
0,JWST/NIRCam.F480M,12580.839007204,1.25,0.5,-0.5,4500,2,48139.105123907
0,JWST/NIRCam.F480M,12734.764814013,1.25,1,-0.5,4500,2,48139.105123907
0,JWST/NIRCam.F480M,12897.022954699,1.25,1.5,-0.5,4500,2,48139.105123907
0,JWST/NIRCam.F480M,13054.607474366,1.25,2,-0.5,4500,2,48139.105123907
0,JWST/NIRCam.F480M,13197.453265022,1.25,2.5,-0.5,4500,2,48139.105123907
0,JWST/NIRCam.F480M,13319.03849495,1.25,3,-0.5,4500,2,48139.105123907
0,JWST/NIRCam.F480M,13418.403604411,1.25,3.5,-0.5,4500,2,48139.105123907
0,JWST/NIRCam.F480M,13496.9049366,1.25,4,-0.5,4500,2,48139.105123907
0,JWST/NIRCam.F480M,13575.798072962,1.25,4.5,-0.5,4500,2,48139.105123907
0,JWST/NIRCam.F480M,13734.128756242,1.25,5,-0.5,4500,2,48139.105123907
0,JWST/NIRCam.F480M,165389.61117156,1.25,4.5,-0.5,46000,2,48139.105123907
0,JWST/NIRCam.F480M,164525.68493813,1.25,5,-0.5,46000,2,48139.105123907
0,JWST/NIRCam.F480M,168578.72428411,1.25,4.5,-0.5,47000,2,48139.105123907
0,JWST/NIRCam.F480M,167594.5568835,1.25,5,-0.5,47000,2,48139.105123907
0,JWST/NIRCam.F480M,13840.790087387,1.25,0,-0.5,4750,2,48139.105123907
0,JWST/NIRCam.F480M,13877.042506895,1.25,0.5,-0.5,4750,2,48139.105123907
0,JWST/NIRCam.F480M,13955.306557418,1.25,1,-0.5,4750,2,48139.105123907
0,JWST/NIRCam.F480M,14059.10537005,1.25,1.5,-0.5,4750,2,48139.105123907
0,JWST/NIRCam.F480M,14175.606306476,1.25,2,-0.5,4750,2,48139.105123907
0,JWST/NIRCam.F480M,14291.138035707,1.25,2.5,-0.5,4750,2,48139.105123907
0,JWST/NIRCam.F480M,14397.653890373,1.25,3,-0.5,4750,2,48139.105123907
0,JWST/NIRCam.F480M,14490.710965572,1.25,3.5,-0.5,4750,2,48139.105123907
0,JWST/NIRCam.F480M,14570.400962132,1.25,4,-0.5,4750,2,48139.105123907
0,JWST/NIRCam.F480M,14644.684381585,1.25,4.5,-0.5,4750,2,48139.105123907
0,JWST/NIRCam.F480M,14725.485299283,1.25,5,-0.5,4750,2,48139.105123907
0,JWST/NIRCam.F480M,171739.5759942,1.25,4.5,-0.5,48000,2,48139.105123907
0,JWST/NIRCam.F480M,170627.05211664,1.25,5,-0.5,48000,2,48139.105123907
0,JWST/NIRCam.F480M,174855.25630906,1.25,4.5,-0.5,49000,2,48139.105123907
0,JWST/NIRCam.F480M,173629.39487251,1.25,5,-0.5,49000,2,48139.105123907
0,JWST/NIRCam.F480M,176611.28985227,1.25,5,-0.5,50000,2,48139.105123907
0,JWST/NIRCam.F480M,15453.596114727,1.25,0,-0.5,5000,2,48139.105123907
0,JWST/NIRCam.F480M,15376.936656944,1.25,0.5,-0.5,5000,2,48139.105123907
0,JWST/NIRCam.F480M,15350.206429814,1.25,1,-0.5,5000,2,48139.105123907
0,JWST/NIRCam.F480M,15361.769172231,1.25,1.5,-0.5,5000,2,48139.105123907
0,JWST/NIRCam.F480M,15400.248710535,1.25,2,-0.5,5000,2,48139.105123907
0,JWST/NIRCam.F480M,15453.91214346,1.25,2.5,-0.5,5000,2,48139.105123907
0,JWST/NIRCam.F480M,15516.267172173,1.25,3,-0.5,5000,2,48139.105123907
0,JWST/NIRCam.F480M,15578.975130458,1.25,3.5,-0.5,5000,2,48139.105123907
0,JWST/NIRCam.F480M,15641.436337176,1.25,4,-0.5,5000,2,48139.105123907
0,JWST/NIRCam.F480M,15704.008251361,1.25,4.5,-0.5,5000,2,48139.105123907
0,JWST/NIRCam.F480M,15774.178015043,1.25,5,-0.5,5000,2,48139.105123907
0,JWST/NIRCam.F480M,17065.972788826,1.25,0,-0.5,5250,2,48139.105123907
0,JWST/NIRCam.F480M,16917.146359333,1.25,0.5,-0.5,5250,2,48139.105123907
0,JWST/NIRCam.F480M,16809.329659518,1.25,1,-0.5,5250,2,48139.105123907
0,JWST/NIRCam.F480M,16739.032926122,1.25,1.5,-0.5,5250,2,48139.105123907
0,JWST/NIRCam.F480M,16699.799206304,1.25,2,-0.5,5250,2,48139.105123907
0,JWST/NIRCam.F480M,16686.034207974,1.25,2.5,-0.5,5250,2,48139.105123907
0,JWST/NIRCam.F480M,16690.9622658,1.25,3,-0.5,5250,2,48139.105123907
0,JWST/NIRCam.F480M,16708.281931931,1.25,3.5,-0.5,5250,2,48139.105123907
0,JWST/NIRCam.F480M,16738.776744872,1.25,4,-0.5,5250,2,48139.105123907
0,JWST/NIRCam.F480M,16779.096548175,1.25,4.5,-0.5,5250,2,48139.105123907
0,JWST/NIRCam.F480M,16832.937471075,1.25,5,-0.5,5250,2,48139.105123907
0,JWST/NIRCam.F480M,18398.785026586,1.25,0,-0.5,5500,2,48139.105123907
0,JWST/NIRCam.F480M,18281.182899511,1.25,0.5,-0.5,5500,2,48139.105123907
0,JWST/NIRCam.F480M,18166.611428853,1.25,1,-0.5,5500,2,48139.105123907
0,JWST/NIRCam.F480M,18067.28346178,1.25,1.5,-0.5,5500,2,48139.105123907
0,JWST/NIRCam.F480M,17986.626071891,1.25,2,-0.5,5500,2,48139.105123907
0,JWST/NIRCam.F480M,17926.522961021,1.25,2.5,-0.5,5500,2,48139.105123907
0,JWST/NIRCam.F480M,17885.42104722,1.25,3,-0.5,5500,2,48139.105123907
0,JWST/NIRCam.F480M,17861.807825816,1.25,3.5,-0.5,5500,2,48139.105123907
0,JWST/NIRCam.F480M,17858.824790981,1.25,4,-0.5,5500,2,48139.105123907
0,JWST/NIRCam.F480M,17873.837196106,1.25,4.5,-0.5,5500,2,48139.105123907
0,JWST/NIRCam.F480M,17909.305356592,1.25,5,-0.5,5500,2,48139.105123907
0,JWST/NIRCam.F480M,19379.777878386,1.25,0,-0.5,5750,2,48139.105123907
0,JWST/NIRCam.F480M,19337.307927614,1.25,0.5,-0.5,5750,2,48139.105123907
0,JWST/NIRCam.F480M,19276.918291903,1.25,1,-0.5,5750,2,48139.105123907
0,JWST/NIRCam.F480M,19204.480303722,1.25,1.5,-0.5,5750,2,48139.105123907
0,JWST/NIRCam.F480M,19133.206025452,1.25,2,-0.5,5750,2,48139.105123907
0,JWST/NIRCam.F480M,19069.716951126,1.25,2.5,-0.5,5750,2,48139.105123907
0,JWST/NIRCam.F480M,19015.584240341,1.25,3,-0.5,5750,2,48139.105123907
0,JWST/NIRCam.F480M,18976.390953711,1.25,3.5,-0.5,5750,2,48139.105123907
0,JWST/NIRCam.F480M,18955.717421878,1.25,4,-0.5,5750,2,48139.105123907
0,JWST/NIRCam.F480M,18954.484454457,1.25,4.5,-0.5,5750,2,48139.105123907
0,JWST/NIRCam.F480M,18980.305643237,1.25,5,-0.5,5750,2,48139.105123907
0,JWST/NIRCam.F480M,20098.668638808,1.25,0,-0.5,6000,2,48139.105123907
0,JWST/NIRCam.F480M,20170.803039748,1.25,0.5,-0.5,6000,2,48139.105123907
0,JWST/NIRCam.F480M,20180.223465776,1.25,1,-0.5,6000,2,48139.105123907
0,JWST/NIRCam.F480M,20160.020642,1.25,1.5,-0.5,6000,2,48139.105123907
0,JWST/NIRCam.F480M,20126.1694431,1.25,2,-0.5,6000,2,48139.105123907
0,JWST/NIRCam.F480M,20085.186663826,1.25,2.5,-0.5,6000,2,48139.105123907
0,JWST/NIRCam.F480M,20043.531474393,1.25,3,-0.5,6000,2,48139.105123907
0,JWST/NIRCam.F480M,20008.902112725,1.25,3.5,-0.5,6000,2,48139.105123907
0,JWST/NIRCam.F480M,19985.186808894,1.25,4,-0.5,6000,2,48139.105123907
0,JWST/NIRCam.F480M,19980.675324085,1.25,4.5,-0.5,6000,2,48139.105123907
0,JWST/NIRCam.F480M,20003.530670962,1.25,5,-0.5,6000,2,48139.105123907
0,JWST/NIRCam.F480M,20881.224713906,1.25,0.5,-0.5,6250,2,48139.105123907
0,JWST/NIRCam.F480M,20963.069171034,1.25,1,-0.5,6250,2,48139.105123907
0,JWST/NIRCam.F480M,20993.485323417,1.25,1.5,-0.5,6250,2,48139.105123907
0,JWST/NIRCam.F480M,20994.423562149,1.25,2,-0.5,6250,2,48139.105123907
0,JWST/NIRCam.F480M,20978.665302601,1.25,2.5,-0.5,6250,2,48139.105123907
0,JWST/NIRCam.F480M,20956.616025811,1.25,3,-0.5,6250,2,48139.105123907
0,JWST/NIRCam.F480M,20934.015052883,1.25,3.5,-0.5,6250,2,48139.105123907
0,JWST/NIRCam.F480M,20916.48257458,1.25,4,-0.5,6250,2,48139.105123907
0,JWST/NIRCam.F480M,20916.009470002,1.25,4.5,-0.5,6250,2,48139.105123907
0,JWST/NIRCam.F480M,20938.587731759,1.25,5,-0.5,6250,2,48139.105123907
0,JWST/NIRCam.F480M,21533.137716571,1.25,0.5,-0.5,6500,2,48139.105123907
0,JWST/NIRCam.F480M,21677.185256408,1.25,1,-0.5,6500,2,48139.105123907
0,JWST/NIRCam.F480M,21767.326480847,1.25,1.5,-0.5,6500,2,48139.105123907
0,JWST/NIRCam.F480M,21809.923289255,1.25,2,-0.5,6500,2,48139.105123907
0,JWST/NIRCam.F480M,21820.60742645,1.25,2.5,-0.5,6500,2,48139.105123907
0,JWST/NIRCam.F480M,21813.390546461,1.25,3,-0.5,6500,2,48139.105123907
0,JWST/NIRCam.F480M,21798.811441795,1.25,3.5,-0.5,6500,2,48139.105123907
0,JWST/NIRCam.F480M,21784.955082766,1.25,4,-0.5,6500,2,48139.105123907
0,JWST/NIRCam.F480M,21783.58271034,1.25,4.5,-0.5,6500,2,48139.105123907
0,JWST/NIRCam.F480M,21801.500302855,1.25,5,-0.5,6500,2,48139.105123907
0,JWST/NIRCam.F480M,22169.279980871,1.25,0.5,-0.5,6750,2,48139.105123907
0,JWST/NIRCam.F480M,22347.520177823,1.25,1,-0.5,6750,2,48139.105123907
0,JWST/NIRCam.F480M,22484.922297105,1.25,1.5,-0.5,6750,2,48139.105123907
0,JWST/NIRCam.F480M,22582.195930929,1.25,2,-0.5,6750,2,48139.105123907
0,JWST/NIRCam.F480M,22632.448156535,1.25,2.5,-0.5,6750,2,48139.105123907
0,JWST/NIRCam.F480M,22646.912281565,1.25,3,-0.5,6750,2,48139.105123907
0,JWST/NIRCam.F480M,22642.086453295,1.25,3.5,-0.5,6750,2,48139.105123907
0,JWST/NIRCam.F480M,22630.702064771,1.25,4,-0.5,6750,2,48139.105123907
0,JWST/NIRCam.F480M,22623.631409018,1.25,4.5,-0.5,6750,2,48139.105123907
0,JWST/NIRCam.F480M,22632.370647692,1.25,5,-0.5,6750,2,48139.105123907
0,JWST/NIRCam.F480M,22816.462832431,1.25,0.5,-0.5,7000,2,48139.105123907
0,JWST/NIRCam.F480M,23013.364065934,1.25,1,-0.5,7000,2,48139.105123907
0,JWST/NIRCam.F480M,23173.213170075,1.25,1.5,-0.5,7000,2,48139.105123907
0,JWST/NIRCam.F480M,23307.493915437,1.25,2,-0.5,7000,2,48139.105123907
0,JWST/NIRCam.F480M,23407.73821087,1.25,2.5,-0.5,7000,2,48139.105123907
0,JWST/NIRCam.F480M,23461.247099291,1.25,3,-0.5,7000,2,48139.105123907
0,JWST/NIRCam.F480M,23474.171814281,1.25,3.5,-0.5,7000,2,48139.105123907
0,JWST/NIRCam.F480M,23468.816832567,1.25,4,-0.5,7000,2,48139.105123907
0,JWST/NIRCam.F480M,23459.104966439,1.25,4.5,-0.5,7000,2,48139.105123907
0,JWST/NIRCam.F480M,23459.484610631,1.25,5,-0.5,7000,2,48139.105123907
0,JWST/NIRCam.F480M,23521.520193641,1.25,0.5,-0.5,7250,2,48139.105123907
0,JWST/NIRCam.F480M,23695.851114085,1.25,1,-0.5,7250,2,48139.105123907
0,JWST/NIRCam.F480M,23868.108510536,1.25,1.5,-0.5,7250,2,48139.105123907
0,JWST/NIRCam.F480M,24015.095865639,1.25,2,-0.5,7250,2,48139.105123907
0,JWST/NIRCam.F480M,24143.314715657,1.25,2.5,-0.5,7250,2,48139.105123907
0,JWST/NIRCam.F480M,24242.169797144,1.25,3,-0.5,7250,2,48139.105123907
0,JWST/NIRCam.F480M,24291.710414594,1.25,3.5,-0.5,7250,2,48139.105123907
0,JWST/NIRCam.F480M,24301.051542831,1.25,4,-0.5,7250,2,48139.105123907
0,JWST/NIRCam.F480M,24295.736834995,1.25,4.5,-0.5,7250,2,48139.105123907
0,JWST/NIRCam.F480M,24291.323409544,1.25,5,-0.5,7250,2,48139.105123907
0,JWST/NIRCam.F480M,24367.22438192,1.25,0.5,-0.5,7500,2,48139.105123907
0,JWST/NIRCam.F480M,24421.303637066,1.25,1,-0.5,7500,2,48139.105123907
0,JWST/NIRCam.F480M,24583.221844429,1.25,1.5,-0.5,7500,2,48139.105123907
0,JWST/NIRCam.F480M,24740.188699574,1.25,2,-0.5,7500,2,48139.105123907
0,JWST/NIRCam.F480M,24877.592533239,1.25,2.5,-0.5,7500,2,48139.105123907
0,JWST/NIRCam.F480M,24992.316954572,1.25,3,-0.5,7500,2,48139.105123907
0,JWST/NIRCam.F480M,25084.579986771,1.25,3.5,-0.5,7500,2,48139.105123907
0,JWST/NIRCam.F480M,25125.414911887,1.25,4,-0.5,7500,2,48139.105123907
0,JWST/NIRCam.F480M,25130.799092913,1.25,4.5,-0.5,7500,2,48139.105123907
0,JWST/NIRCam.F480M,25126.304973667,1.25,5,-0.5,7500,2,48139.105123907
0,JWST/NIRCam.F480M,25216.477214334,1.25,1,-0.5,7750,2,48139.105123907
0,JWST/NIRCam.F480M,25330.112359853,1.25,1.5,-0.5,7750,2,48139.105123907
0,JWST/NIRCam.F480M,25482.280427717,1.25,2,-0.5,7750,2,48139.105123907
0,JWST/NIRCam.F480M,25625.850731534,1.25,2.5,-0.5,7750,2,48139.105123907
0,JWST/NIRCam.F480M,25750.0258808,1.25,3,-0.5,7750,2,48139.105123907
0,JWST/NIRCam.F480M,25847.429175869,1.25,3.5,-0.5,7750,2,48139.105123907
0,JWST/NIRCam.F480M,25931.861795335,1.25,4,-0.5,7750,2,48139.105123907
0,JWST/NIRCam.F480M,25960.170231038,1.25,4.5,-0.5,7750,2,48139.105123907
0,JWST/NIRCam.F480M,25961.627289261,1.25,5,-0.5,7750,2,48139.105123907
0,JWST/NIRCam.F480M,26097.738645087,1.25,1,-0.5,8000,2,48139.105123907
0,JWST/NIRCam.F480M,26119.489112018,1.25,1.5,-0.5,8000,2,48139.105123907
0,JWST/NIRCam.F480M,26249.695786691,1.25,2,-0.5,8000,2,48139.105123907
0,JWST/NIRCam.F480M,26392.783388669,1.25,2.5,-0.5,8000,2,48139.105123907
0,JWST/NIRCam.F480M,26523.438461542,1.25,3,-0.5,8000,2,48139.105123907
0,JWST/NIRCam.F480M,26630.803423422,1.25,3.5,-0.5,8000,2,48139.105123907
0,JWST/NIRCam.F480M,26707.08534382,1.25,4,-0.5,8000,2,48139.105123907
0,JWST/NIRCam.F480M,26776.332800579,1.25,4.5,-0.5,8000,2,48139.105123907
0,JWST/NIRCam.F480M,26793.004910724,1.25,5,-0.5,8000,2,48139.105123907
0,JWST/NIRCam.F480M,27061.454418247,1.25,1,-0.5,8250,2,48139.105123907
0,JWST/NIRCam.F480M,26934.376548481,1.25,1.5,-0.5,8250,2,48139.105123907
0,JWST/NIRCam.F480M,27029.514462365,1.25,2,-0.5,8250,2,48139.105123907
0,JWST/NIRCam.F480M,27169.457968383,1.25,2.5,-0.5,8250,2,48139.105123907
0,JWST/NIRCam.F480M,27308.439021252,1.25,3,-0.5,8250,2,48139.105123907
0,JWST/NIRCam.F480M,27426.190346308,1.25,3.5,-0.5,8250,2,48139.105123907
0,JWST/NIRCam.F480M,27512.82763704,1.25,4,-0.5,8250,2,48139.105123907
0,JWST/NIRCam.F480M,27566.455326879,1.25,4.5,-0.5,8250,2,48139.105123907
0,JWST/NIRCam.F480M,27618.603284097,1.25,5,-0.5,8250,2,48139.105123907
0,JWST/NIRCam.F480M,27769.152687235,1.25,1.5,-0.5,8500,2,48139.105123907
0,JWST/NIRCam.F480M,27810.542507787,1.25,2,-0.5,8500,2,48139.105123907
0,JWST/NIRCam.F480M,27936.494550892,1.25,2.5,-0.5,8500,2,48139.105123907
0,JWST/NIRCam.F480M,28080.130081817,1.25,3,-0.5,8500,2,48139.105123907
0,JWST/NIRCam.F480M,28212.971197498,1.25,3.5,-0.5,8500,2,48139.105123907
0,JWST/NIRCam.F480M,28320.327728101,1.25,4,-0.5,8500,2,48139.105123907
0,JWST/NIRCam.F480M,28388.801171784,1.25,4.5,-0.5,8500,2,48139.105123907
0,JWST/NIRCam.F480M,28420.872517287,1.25,5,-0.5,8500,2,48139.105123907
0,JWST/NIRCam.F480M,28632.899084899,1.25,1.5,-0.5,8750,2,48139.105123907
0,JWST/NIRCam.F480M,28590.527637806,1.25,2,-0.5,8750,2,48139.105123907
0,JWST/NIRCam.F480M,28684.486008555,1.25,2.5,-0.5,8750,2,48139.105123907
0,JWST/NIRCam.F480M,28821.167736496,1.25,3,-0.5,8750,2,48139.105123907
0,JWST/NIRCam.F480M,28965.865517826,1.25,3.5,-0.5,8750,2,48139.105123907
0,JWST/NIRCam.F480M,29097.723351943,1.25,4,-0.5,8750,2,48139.105123907
0,JWST/NIRCam.F480M,29198.680301871,1.25,4.5,-0.5,8750,2,48139.105123907
0,JWST/NIRCam.F480M,29248.60553065,1.25,5,-0.5,8750,2,48139.105123907
0,JWST/NIRCam.F480M,29528.807504088,1.25,1.5,-0.5,9000,2,48139.105123907
0,JWST/NIRCam.F480M,29389.403407321,1.25,2,-0.5,9000,2,48139.105123907
0,JWST/NIRCam.F480M,29432.137261611,1.25,2.5,-0.5,9000,2,48139.105123907
0,JWST/NIRCam.F480M,29545.650356881,1.25,3,-0.5,9000,2,48139.105123907
0,JWST/NIRCam.F480M,29685.788481593,1.25,3.5,-0.5,9000,2,48139.105123907
0,JWST/NIRCam.F480M,29829.927436066,1.25,4,-0.5,9000,2,48139.105123907
0,JWST/NIRCam.F480M,29959.957184483,1.25,4.5,-0.5,9000,2,48139.105123907
0,JWST/NIRCam.F480M,30056.573491383,1.25,5,-0.5,9000,2,48139.105123907
0,JWST/NIRCam.F480M,30213.0630487,1.25,2,-0.5,9250,2,48139.105123907
0,JWST/NIRCam.F480M,30196.196241964,1.25,2.5,-0.5,9250,2,48139.105123907
0,JWST/NIRCam.F480M,30271.718394344,1.25,3,-0.5,9250,2,48139.105123907
0,JWST/NIRCam.F480M,30391.918406256,1.25,3.5,-0.5,9250,2,48139.105123907
0,JWST/NIRCam.F480M,30531.613211791,1.25,4,-0.5,9250,2,48139.105123907
0,JWST/NIRCam.F480M,30675.187122581,1.25,4.5,-0.5,9250,2,48139.105123907
0,JWST/NIRCam.F480M,30806.507925261,1.25,5,-0.5,9250,2,48139.105123907
0,JWST/NIRCam.F480M,31054.628841779,1.25,2,-0.5,9500,2,48139.105123907
0,JWST/NIRCam.F480M,30976.319735302,1.25,2.5,-0.5,9500,2,48139.105123907
0,JWST/NIRCam.F480M,31011.458232263,1.25,3,-0.5,9500,2,48139.105123907
0,JWST/NIRCam.F480M,31099.963004045,1.25,3.5,-0.5,9500,2,48139.105123907
0,JWST/NIRCam.F480M,31222.037411402,1.25,4,-0.5,9500,2,48139.105123907
0,JWST/NIRCam.F480M,31362.261329705,1.25,4.5,-0.5,9500,2,48139.105123907
0,JWST/NIRCam.F480M,31508.496054817,1.25,5,-0.5,9500,2,48139.105123907
0,JWST/NIRCam.F480M,31913.270550378,1.25,2,-0.5,9750,2,48139.105123907
0,JWST/NIRCam.F480M,31770.283161663,1.25,2.5,-0.5,9750,2,48139.105123907
0,JWST/NIRCam.F480M,31758.754783687,1.25,3,-0.5,9750,2,48139.105123907
0,JWST/NIRCam.F480M,31818.633626071,1.25,3.5,-0.5,9750,2,48139.105123907
0,JWST/NIRCam.F480M,31917.991607927,1.25,4,-0.5,9750,2,48139.105123907
0,JWST/NIRCam.F480M,32039.877269964,1.25,4.5,-0.5,9750,2,48139.105123907
0,JWST/NIRCam.F480M,32182.71937948,1.25,5,-0.5,9750,2,48139.105123907
0,JWST/NIRCam.F480M,32608.681341408,1.25,2,-1,10000,2,48139.105123907
0,JWST/NIRCam.F480M,32441.211978801,1.25,2.5,-1,10000,2,48139.105123907
0,JWST/NIRCam.F480M,32386.697511189,1.25,3,-1,10000,2,48139.105123907
0,JWST/NIRCam.F480M,32395.973515798,1.25,3.5,-1,10000,2,48139.105123907
0,JWST/NIRCam.F480M,32445.558805804,1.25,4,-1,10000,2,48139.105123907
0,JWST/NIRCam.F480M,32526.681021417,1.25,4.5,-1,10000,2,48139.105123907
0,JWST/NIRCam.F480M,32635.990889697,1.25,5,-1,10000,2,48139.105123907
0,JWST/NIRCam.F480M,33449.944537058,1.25,2,-1,10250,2,48139.105123907
0,JWST/NIRCam.F480M,33241.140976987,1.25,2.5,-1,10250,2,48139.105123907
0,JWST/NIRCam.F480M,33153.713188364,1.25,3,-1,10250,2,48139.105123907
0,JWST/NIRCam.F480M,33138.116575453,1.25,3.5,-1,10250,2,48139.105123907
0,JWST/NIRCam.F480M,33167.840406791,1.25,4,-1,10250,2,48139.105123907
0,JWST/NIRCam.F480M,33229.078343123,1.25,4.5,-1,10250,2,48139.105123907
0,JWST/NIRCam.F480M,33318.423048258,1.25,5,-1,10250,2,48139.105123907
0,JWST/NIRCam.F480M,34289.186918285,1.25,2,-1,10500,2,48139.105123907
0,JWST/NIRCam.F480M,34039.03646672,1.25,2.5,-1,10500,2,48139.105123907
0,JWST/NIRCam.F480M,33916.716075762,1.25,3,-1,10500,2,48139.105123907
0,JWST/NIRCam.F480M,33873.876126411,1.25,3.5,-1,10500,2,48139.105123907
0,JWST/NIRCam.F480M,33884.770970278,1.25,4,-1,10500,2,48139.105123907
0,JWST/NIRCam.F480M,33932.142193047,1.25,4.5,-1,10500,2,48139.105123907
0,JWST/NIRCam.F480M,34006.139876048,1.25,5,-1,10500,2,48139.105123907
0,JWST/NIRCam.F480M,35124.971751404,1.25,2,-1,10750,2,48139.105123907
0,JWST/NIRCam.F480M,34837.046620184,1.25,2.5,-1,10750,2,48139.105123907
0,JWST/NIRCam.F480M,34678.843979031,1.25,3,-1,10750,2,48139.105123907
0,JWST/NIRCam.F480M,34605.754866005,1.25,3.5,-1,10750,2,48139.105123907
0,JWST/NIRCam.F480M,34594.10983355,1.25,4,-1,10750,2,48139.105123907
0,JWST/NIRCam.F480M,34628.153926157,1.25,4.5,-1,10750,2,48139.105123907
0,JWST/NIRCam.F480M,34692.614746179,1.25,5,-1,10750,2,48139.105123907
0,JWST/NIRCam.F480M,35952.221563223,1.25,2,-1,11000,2,48139.105123907
0,JWST/NIRCam.F480M,35630.605752596,1.25,2.5,-1,11000,2,48139.105123907
0,JWST/NIRCam.F480M,35438.656094839,1.25,3,-1,11000,2,48139.105123907
0,JWST/NIRCam.F480M,35334.110946709,1.25,3.5,-1,11000,2,48139.105123907
0,JWST/NIRCam.F480M,35296.777268009,1.25,4,-1,11000,2,48139.105123907
0,JWST/NIRCam.F480M,35313.118094324,1.25,4.5,-1,11000,2,48139.105123907
0,JWST/NIRCam.F480M,35369.144862969,1.25,5,-1,11000,2,48139.105123907
0,JWST/NIRCam.F480M,36771.612420281,1.25,2,-1,11250,2,48139.105123907
0,JWST/NIRCam.F480M,36422.758936771,1.25,2.5,-1,11250,2,48139.105123907
0,JWST/NIRCam.F480M,36198.73058898,1.25,3,-1,11250,2,48139.105123907
0,JWST/NIRCam.F480M,36063.124912843,1.25,3.5,-1,11250,2,48139.105123907
0,JWST/NIRCam.F480M,35998.005895256,1.25,4,-1,11250,2,48139.105123907
0,JWST/NIRCam.F480M,35991.712237121,1.25,4.5,-1,11250,2,48139.105123907
0,JWST/NIRCam.F480M,36034.87217725,1.25,5,-1,11250,2,48139.105123907
0,JWST/NIRCam.F480M,37580.105443066,1.25,2,-1,11500,2,48139.105123907
0,JWST/NIRCam.F480M,37207.360932902,1.25,2.5,-1,11500,2,48139.105123907
0,JWST/NIRCam.F480M,36956.715511811,1.25,3,-1,11500,2,48139.105123907
0,JWST/NIRCam.F480M,36792.097973983,1.25,3.5,-1,11500,2,48139.105123907
0,JWST/NIRCam.F480M,36698.959570524,1.25,4,-1,11500,2,48139.105123907
0,JWST/NIRCam.F480M,36668.05012631,1.25,4.5,-1,11500,2,48139.105123907
0,JWST/NIRCam.F480M,36693.451087988,1.25,5,-1,11500,2,48139.105123907
0,JWST/NIRCam.F480M,38374.86319779,1.25,2,-1,11750,2,48139.105123907
0,JWST/NIRCam.F480M,37985.80984336,1.25,2.5,-1,11750,2,48139.105123907
0,JWST/NIRCam.F480M,37711.702735372,1.25,3,-1,11750,2,48139.105123907
0,JWST/NIRCam.F480M,37521.817540448,1.25,3.5,-1,11750,2,48139.105123907
0,JWST/NIRCam.F480M,37401.759367157,1.25,4,-1,11750,2,48139.105123907
0,JWST/NIRCam.F480M,37345.953991268,1.25,4.5,-1,11750,2,48139.105123907
0,JWST/NIRCam.F480M,37349.820023958,1.25,5,-1,11750,2,48139.105123907
0,JWST/NIRCam.F480M,38755.059492029,1.25,2.5,-1,12000,2,48139.105123907
0,JWST/NIRCam.F480M,38462.243069861,1.25,3,-1,12000,2,48139.105123907
0,JWST/NIRCam.F480M,38249.684304116,1.25,3.5,-1,12000,2,48139.105123907
0,JWST/NIRCam.F480M,38105.521547793,1.25,4,-1,12000,2,48139.105123907
0,JWST/NIRCam.F480M,38025.044568749,1.25,4.5,-1,12000,2,48139.105123907
0,JWST/NIRCam.F480M,38006.265338489,1.25,5,-1,12000,2,48139.105123907
0,JWST/NIRCam.F480M,39514.078689529,1.25,2.5,-1,12250,2,48139.105123907
0,JWST/NIRCam.F480M,39206.700571499,1.25,3,-1,12250,2,48139.105123907
0,JWST/NIRCam.F480M,38975.185688098,1.25,3.5,-1,12250,2,48139.105123907
0,JWST/NIRCam.F480M,38809.654611588,1.25,4,-1,12250,2,48139.105123907
0,JWST/NIRCam.F480M,38706.125209569,1.25,4.5,-1,12250,2,48139.105123907
0,JWST/NIRCam.F480M,38665.01130751,1.25,5,-1,12250,2,48139.105123907
0,JWST/NIRCam.F480M,40264.137271559,1.25,2.5,-1,12500,2,48139.105123907
0,JWST/NIRCam.F480M,39944.274328326,1.25,3,-1,12500,2,48139.105123907
0,JWST/NIRCam.F480M,39698.27252111,1.25,3.5,-1,12500,2,48139.105123907
0,JWST/NIRCam.F480M,39513.67472094,1.25,4,-1,12500,2,48139.105123907
0,JWST/NIRCam.F480M,39389.279303351,1.25,4.5,-1,12500,2,48139.105123907
0,JWST/NIRCam.F480M,39326.513931006,1.25,5,-1,12500,2,48139.105123907
0,JWST/NIRCam.F480M,41009.232788855,1.25,2.5,-1,12750,2,48139.105123907
0,JWST/NIRCam.F480M,40676.595108282,1.25,3,-1,12750,2,48139.105123907
0,JWST/NIRCam.F480M,40418.216663563,1.25,3.5,-1,12750,2,48139.105123907
0,JWST/NIRCam.F480M,40217.41490565,1.25,4,-1,12750,2,48139.105123907
0,JWST/NIRCam.F480M,40074.748900831,1.25,4.5,-1,12750,2,48139.105123907
0,JWST/NIRCam.F480M,39992.567574012,1.25,5,-1,12750,2,48139.105123907
0,JWST/NIRCam.F480M,41748.123718282,1.25,2.5,-1,13000,2,48139.105123907
0,JWST/NIRCam.F480M,41401.099285205,1.25,3,-1,13000,2,48139.105123907
0,JWST/NIRCam.F480M,41132.949572075,1.25,3.5,-1,13000,2,48139.105123907
0,JWST/NIRCam.F480M,40921.522861081,1.25,4,-1,13000,2,48139.105123907
0,JWST/NIRCam.F480M,40760.117871428,1.25,4.5,-1,13000,2,48139.105123907
0,JWST/NIRCam.F480M,40659.844676917,1.25,5,-1,13000,2,48139.105123907
0,JWST/NIRCam.F480M,45243.138604951,1.25,2,-1,14000,2,48139.105123907
0,JWST/NIRCam.F480M,44653.886984026,1.25,2.5,-1,14000,2,48139.105123907
0,JWST/NIRCam.F480M,44249.214526263,1.25,3,-1,14000,2,48139.105123907
0,JWST/NIRCam.F480M,43950.485278327,1.25,3.5,-1,14000,2,48139.105123907
0,JWST/NIRCam.F480M,43714.376292214,1.25,4,-1,14000,2,48139.105123907
0,JWST/NIRCam.F480M,43521.57688079,1.25,4.5,-1,14000,2,48139.105123907
0,JWST/NIRCam.F480M,43371.67120796,1.25,5,-1,14000,2,48139.105123907
0,JWST/NIRCam.F480M,47533.460398619,1.25,2.5,-1,15000,2,48139.105123907
0,JWST/NIRCam.F480M,47028.478294094,1.25,3,-1,15000,2,48139.105123907
0,JWST/NIRCam.F480M,46676.750183125,1.25,3.5,-1,15000,2,48139.105123907
0,JWST/NIRCam.F480M,46413.987187196,1.25,4,-1,15000,2,48139.105123907
0,JWST/NIRCam.F480M,46205.964854541,1.25,4.5,-1,15000,2,48139.105123907
0,JWST/NIRCam.F480M,46038.953337108,1.25,5,-1,15000,2,48139.105123907
0,JWST/NIRCam.F480M,50485.170857921,1.25,2.5,-1,16000,2,48139.105123907
0,JWST/NIRCam.F480M,49824.742952077,1.25,3,-1,16000,2,48139.105123907
0,JWST/NIRCam.F480M,49384.846878822,1.25,3.5,-1,16000,2,48139.105123907
0,JWST/NIRCam.F480M,49079.005166457,1.25,4,-1,16000,2,48139.105123907
0,JWST/NIRCam.F480M,48854.163555688,1.25,4.5,-1,16000,2,48139.105123907
0,JWST/NIRCam.F480M,48679.262981252,1.25,5,-1,16000,2,48139.105123907
0,JWST/NIRCam.F480M,53535.61166306,1.25,2.5,-1,17000,2,48139.105123907
0,JWST/NIRCam.F480M,52676.922121311,1.25,3,-1,17000,2,48139.105123907
0,JWST/NIRCam.F480M,52116.435051015,1.25,3.5,-1,17000,2,48139.105123907
0,JWST/NIRCam.F480M,51739.838118323,1.25,4,-1,17000,2,48139.105123907
0,JWST/NIRCam.F480M,51477.027954953,1.25,4.5,-1,17000,2,48139.105123907
0,JWST/NIRCam.F480M,51288.188048917,1.25,5,-1,17000,2,48139.105123907
0,JWST/NIRCam.F480M,56740.618739387,1.25,2.5,-1,18000,2,48139.105123907
0,JWST/NIRCam.F480M,55631.381168661,1.25,3,-1,18000,2,48139.105123907
0,JWST/NIRCam.F480M,54906.245902502,1.25,3.5,-1,18000,2,48139.105123907
0,JWST/NIRCam.F480M,54428.194931193,1.25,4,-1,18000,2,48139.105123907
0,JWST/NIRCam.F480M,54110.586811223,1.25,4.5,-1,18000,2,48139.105123907
0,JWST/NIRCam.F480M,53892.80164082,1.25,5,-1,18000,2,48139.105123907
0,JWST/NIRCam.F480M,60061.470227137,1.25,2.5,-1,19000,2,48139.105123907
0,JWST/NIRCam.F480M,58683.967443285,1.25,3,-1,19000,2,48139.105123907
0,JWST/NIRCam.F480M,57794.299079513,1.25,3.5,-1,19000,2,48139.105123907
0,JWST/NIRCam.F480M,57189.032902125,1.25,4,-1,19000,2,48139.105123907
0,JWST/NIRCam.F480M,56784.158456568,1.25,4.5,-1,19000,2,48139.105123907
0,JWST/NIRCam.F480M,56515.895719186,1.25,5,-1,19000,2,48139.105123907
0,JWST/NIRCam.F480M,61785.573146299,1.25,3,-1,20000,2,48139.105123907
0,JWST/NIRCam.F480M,60716.661315084,1.25,3.5,-1,20000,2,48139.105123907
0,JWST/NIRCam.F480M,59990.746247066,1.25,4,-1,20000,2,48139.105123907
0,JWST/NIRCam.F480M,59492.627853615,1.25,4.5,-1,20000,2,48139.105123907
0,JWST/NIRCam.F480M,59158.384197282,1.25,5,-1,20000,2,48139.105123907
0,JWST/NIRCam.F480M,64998.76653034,1.25,3,-1,21000,2,48139.105123907
0,JWST/NIRCam.F480M,63697.584417878,1.25,3.5,-1,21000,2,48139.105123907
0,JWST/NIRCam.F480M,62840.728643923,1.25,4,-1,21000,2,48139.105123907
0,JWST/NIRCam.F480M,62241.263648867,1.25,4.5,-1,21000,2,48139.105123907
0,JWST/NIRCam.F480M,61830.17933869,1.25,5,-1,21000,2,48139.105123907
0,JWST/NIRCam.F480M,68368.121937895,1.25,3,-1,22000,2,48139.105123907
0,JWST/NIRCam.F480M,66712.894688977,1.25,3.5,-1,22000,2,48139.105123907
0,JWST/NIRCam.F480M,65708.434497766,1.25,4,-1,22000,2,48139.105123907
0,JWST/NIRCam.F480M,65022.220968983,1.25,4.5,-1,22000,2,48139.105123907
0,JWST/NIRCam.F480M,64539.991259276,1.25,5,-1,22000,2,48139.105123907
0,JWST/NIRCam.F480M,71980.07890323,1.25,3,-1,23000,2,48139.105123907
0,JWST/NIRCam.F480M,69827.909769801,1.25,3.5,-1,23000,2,48139.105123907
0,JWST/NIRCam.F480M,68593.668391934,1.25,4,-1,23000,2,48139.105123907
0,JWST/NIRCam.F480M,67797.973064847,1.25,4.5,-1,23000,2,48139.105123907
0,JWST/NIRCam.F480M,67251.615669338,1.25,5,-1,23000,2,48139.105123907
0,JWST/NIRCam.F480M,75881.226254976,1.25,3,-1,24000,2,48139.105123907
0,JWST/NIRCam.F480M,73105.062799522,1.25,3.5,-1,24000,2,48139.105123907
0,JWST/NIRCam.F480M,71575.115283914,1.25,4,-1,24000,2,48139.105123907
0,JWST/NIRCam.F480M,70622.014938242,1.25,4.5,-1,24000,2,48139.105123907
0,JWST/NIRCam.F480M,69993.761181702,1.25,5,-1,24000,2,48139.105123907
0,JWST/NIRCam.F480M,80168.982957725,1.25,3,-1,25000,2,48139.105123907
0,JWST/NIRCam.F480M,76572.941433809,1.25,3.5,-1,25000,2,48139.105123907
0,JWST/NIRCam.F480M,74700.790607015,1.25,4,-1,25000,2,48139.105123907
0,JWST/NIRCam.F480M,73541.425459316,1.25,4.5,-1,25000,2,48139.105123907
0,JWST/NIRCam.F480M,72797.566902033,1.25,5,-1,25000,2,48139.105123907
0,JWST/NIRCam.F480M,85475.240925044,1.25,3,-1,26000,2,48139.105123907
0,JWST/NIRCam.F480M,80260.467924497,1.25,3.5,-1,26000,2,48139.105123907
0,JWST/NIRCam.F480M,78003.81901809,1.25,4,-1,26000,2,48139.105123907
0,JWST/NIRCam.F480M,76615.692563544,1.25,4.5,-1,26000,2,48139.105123907
0,JWST/NIRCam.F480M,75725.848638475,1.25,5,-1,26000,2,48139.105123907
0,JWST/NIRCam.F480M,84307.731690105,1.25,3.5,-1,27000,2,48139.105123907
0,JWST/NIRCam.F480M,81539.508924965,1.25,4,-1,27000,2,48139.105123907
0,JWST/NIRCam.F480M,79903.959854571,1.25,4.5,-1,27000,2,48139.105123907
0,JWST/NIRCam.F480M,78855.096606551,1.25,5,-1,27000,2,48139.105123907
0,JWST/NIRCam.F480M,89066.045494893,1.25,3.5,-1,28000,2,48139.105123907
0,JWST/NIRCam.F480M,85369.123886804,1.25,4,-1,28000,2,48139.105123907
0,JWST/NIRCam.F480M,83458.362903755,1.25,4.5,-1,28000,2,48139.105123907
0,JWST/NIRCam.F480M,82251.045148668,1.25,5,-1,28000,2,48139.105123907
0,JWST/NIRCam.F480M,94852.310368191,1.25,3.5,-1,29000,2,48139.105123907
0,JWST/NIRCam.F480M,89687.469424488,1.25,4,-1,29000,2,48139.105123907
0,JWST/NIRCam.F480M,87335.157726913,1.25,4.5,-1,29000,2,48139.105123907
0,JWST/NIRCam.F480M,85959.457870957,1.25,5,-1,29000,2,48139.105123907
0,JWST/NIRCam.F480M,101437.26804394,1.25,3.5,-1,30000,2,48139.105123907
0,JWST/NIRCam.F480M,94709.767739144,1.25,4,-1,30000,2,48139.105123907
0,JWST/NIRCam.F480M,91674.79721261,1.25,4.5,-1,30000,2,48139.105123907
0,JWST/NIRCam.F480M,90051.851805239,1.25,5,-1,30000,2,48139.105123907
0,JWST/NIRCam.F480M,108253.30097994,1.25,3.5,-1,31000,2,48139.105123907
0,JWST/NIRCam.F480M,100440.14416043,1.25,4,-1,31000,2,48139.105123907
0,JWST/NIRCam.F480M,96580.805114508,1.25,4.5,-1,31000,2,48139.105123907
0,JWST/NIRCam.F480M,94594.76578364,1.25,5,-1,31000,2,48139.105123907
0,JWST/NIRCam.F480M,106687.24024608,1.25,4,-1,32000,2,48139.105123907
0,JWST/NIRCam.F480M,102067.34258086,1.25,4.5,-1,32000,2,48139.105123907
0,JWST/NIRCam.F480M,99644.798343964,1.25,5,-1,32000,2,48139.105123907
0,JWST/NIRCam.F480M,112965.68016741,1.25,4,-1,33000,2,48139.105123907
0,JWST/NIRCam.F480M,108039.42853126,1.25,4.5,-1,33000,2,48139.105123907
0,JWST/NIRCam.F480M,105164.50591304,1.25,5,-1,33000,2,48139.105123907
0,JWST/NIRCam.F480M,119119.69779506,1.25,4,-1,34000,2,48139.105123907
0,JWST/NIRCam.F480M,114086.5080018,1.25,4.5,-1,34000,2,48139.105123907
0,JWST/NIRCam.F480M,111037.77620709,1.25,5,-1,34000,2,48139.105123907
0,JWST/NIRCam.F480M,125158.69015212,1.25,4,-1,35000,2,48139.105123907
0,JWST/NIRCam.F480M,120082.96836315,1.25,4.5,-1,35000,2,48139.105123907
0,JWST/NIRCam.F480M,116936.02942601,1.25,5,-1,35000,2,48139.105123907
0,JWST/NIRCam.F480M,8808.7894740676,1.25,0,-1,3500,2,48139.105123907
0,JWST/NIRCam.F480M,8870.8073505178,1.25,0.5,-1,3500,2,48139.105123907
0,JWST/NIRCam.F480M,8916.6278029421,1.25,1,-1,3500,2,48139.105123907
0,JWST/NIRCam.F480M,8937.0084896889,1.25,1.5,-1,3500,2,48139.105123907
0,JWST/NIRCam.F480M,8934.4108497905,1.25,2,-1,3500,2,48139.105123907
0,JWST/NIRCam.F480M,8988.0363083984,1.25,2.5,-1,3500,2,48139.105123907
0,JWST/NIRCam.F480M,9154.1617603211,1.25,3,-1,3500,2,48139.105123907
0,JWST/NIRCam.F480M,9274.6827827135,1.25,3.5,-1,3500,2,48139.105123907
0,JWST/NIRCam.F480M,9295.4010334254,1.25,4,-1,3500,2,48139.105123907
0,JWST/NIRCam.F480M,9250.7087023767,1.25,4.5,-1,3500,2,48139.105123907
0,JWST/NIRCam.F480M,9139.0801272784,1.25,5,-1,3500,2,48139.105123907
0,JWST/NIRCam.F480M,130892.66986174,1.25,4,-1,36000,2,48139.105123907
0,JWST/NIRCam.F480M,126016.02551837,1.25,4.5,-1,36000,2,48139.105123907
0,JWST/NIRCam.F480M,122812.02499976,1.25,5,-1,36000,2,48139.105123907
0,JWST/NIRCam.F480M,135992.66319093,1.25,4,-1,37000,2,48139.105123907
0,JWST/NIRCam.F480M,131756.17780165,1.25,4.5,-1,37000,2,48139.105123907
0,JWST/NIRCam.F480M,128625.54766415,1.25,5,-1,37000,2,48139.105123907
0,JWST/NIRCam.F480M,9781.3604161028,1.25,0,-1,3750,2,48139.105123907
0,JWST/NIRCam.F480M,9890.1395561549,1.25,0.5,-1,3750,2,48139.105123907
0,JWST/NIRCam.F480M,9982.7187476186,1.25,1,-1,3750,2,48139.105123907
0,JWST/NIRCam.F480M,10048.761472872,1.25,1.5,-1,3750,2,48139.105123907
0,JWST/NIRCam.F480M,10082.385019794,1.25,2,-1,3750,2,48139.105123907
0,JWST/NIRCam.F480M,10098.6390567,1.25,2.5,-1,3750,2,48139.105123907
0,JWST/NIRCam.F480M,10206.319306108,1.25,3,-1,3750,2,48139.105123907
0,JWST/NIRCam.F480M,10411.916302843,1.25,3.5,-1,3750,2,48139.105123907
0,JWST/NIRCam.F480M,10570.781288323,1.25,4,-1,3750,2,48139.105123907
0,JWST/NIRCam.F480M,10612.235312002,1.25,4.5,-1,3750,2,48139.105123907
0,JWST/NIRCam.F480M,10571.597022154,1.25,5,-1,3750,2,48139.105123907
0,JWST/NIRCam.F480M,140369.16918839,1.25,4,-1,38000,2,48139.105123907
0,JWST/NIRCam.F480M,137064.94631674,1.25,4.5,-1,38000,2,48139.105123907
0,JWST/NIRCam.F480M,134242.21066397,1.25,5,-1,38000,2,48139.105123907
0,JWST/NIRCam.F480M,144202.4061824,1.25,4,-1,39000,2,48139.105123907
0,JWST/NIRCam.F480M,141761.99383578,1.25,4.5,-1,39000,2,48139.105123907
0,JWST/NIRCam.F480M,139492.07198795,1.25,5,-1,39000,2,48139.105123907
0,JWST/NIRCam.F480M,145872.83436955,1.25,4.5,-1,40000,2,48139.105123907
0,JWST/NIRCam.F480M,144224.39895828,1.25,5,-1,40000,2,48139.105123907
0,JWST/NIRCam.F480M,10727.712409351,1.25,0,-1,4000,2,48139.105123907
0,JWST/NIRCam.F480M,10867.888617613,1.25,0.5,-1,4000,2,48139.105123907
0,JWST/NIRCam.F480M,11005.532214217,1.25,1,-1,4000,2,48139.105123907
0,JWST/NIRCam.F480M,11130.704808234,1.25,1.5,-1,4000,2,48139.105123907
0,JWST/NIRCam.F480M,11235.120666313,1.25,2,-1,4000,2,48139.105123907
0,JWST/NIRCam.F480M,11308.41028327,1.25,2.5,-1,4000,2,48139.105123907
0,JWST/NIRCam.F480M,11352.030466279,1.25,3,-1,4000,2,48139.105123907
0,JWST/NIRCam.F480M,11474.152593761,1.25,3.5,-1,4000,2,48139.105123907
0,JWST/NIRCam.F480M,11691.875307222,1.25,4,-1,4000,2,48139.105123907
0,JWST/NIRCam.F480M,11874.820485014,1.25,4.5,-1,4000,2,48139.105123907
0,JWST/NIRCam.F480M,11939.664846775,1.25,5,-1,4000,2,48139.105123907
0,JWST/NIRCam.F480M,149513.33418727,1.25,4.5,-1,41000,2,48139.105123907
0,JWST/NIRCam.F480M,148408.65297959,1.25,5,-1,41000,2,48139.105123907
0,JWST/NIRCam.F480M,152850.43868407,1.25,4.5,-1,42000,2,48139.105123907
0,JWST/NIRCam.F480M,152111.44748528,1.25,5,-1,42000,2,48139.105123907
0,JWST/NIRCam.F480M,11757.942136953,1.25,0,-1,4250,2,48139.105123907
0,JWST/NIRCam.F480M,11885.398459694,1.25,0.5,-1,4250,2,48139.105123907
0,JWST/NIRCam.F480M,12026.795043532,1.25,1,-1,4250,2,48139.105123907
0,JWST/NIRCam.F480M,12168.558233862,1.25,1.5,-1,4250,2,48139.105123907
0,JWST/NIRCam.F480M,12298.973592144,1.25,2,-1,4250,2,48139.105123907
0,JWST/NIRCam.F480M,12412.050819739,1.25,2.5,-1,4250,2,48139.105123907
0,JWST/NIRCam.F480M,12504.531579878,1.25,3,-1,4250,2,48139.105123907
0,JWST/NIRCam.F480M,12575.395144934,1.25,3.5,-1,4250,2,48139.105123907
0,JWST/NIRCam.F480M,12696.397515845,1.25,4,-1,4250,2,48139.105123907
0,JWST/NIRCam.F480M,12907.808091392,1.25,4.5,-1,4250,2,48139.105123907
0,JWST/NIRCam.F480M,13094.622365787,1.25,5,-1,4250,2,48139.105123907
0,JWST/NIRCam.F480M,156024.53993551,1.25,4.5,-1,43000,2,48139.105123907
0,JWST/NIRCam.F480M,155472.83275647,1.25,5,-1,43000,2,48139.105123907
0,JWST/NIRCam.F480M,159126.54480141,1.25,4.5,-1,44000,2,48139.105123907
0,JWST/NIRCam.F480M,158616.23041284,1.25,5,-1,44000,2,48139.105123907
0,JWST/NIRCam.F480M,162194.60031348,1.25,4.5,-1,45000,2,48139.105123907
0,JWST/NIRCam.F480M,161638.15440282,1.25,5,-1,45000,2,48139.105123907
0,JWST/NIRCam.F480M,13016.567095109,1.25,0,-1,4500,2,48139.105123907
0,JWST/NIRCam.F480M,13065.863186873,1.25,0.5,-1,4500,2,48139.105123907
0,JWST/NIRCam.F480M,13154.171591277,1.25,1,-1,4500,2,48139.105123907
0,JWST/NIRCam.F480M,13261.928489036,1.25,1.5,-1,4500,2,48139.105123907
0,JWST/NIRCam.F480M,13375.209700191,1.25,2,-1,4500,2,48139.105123907
0,JWST/NIRCam.F480M,13484.253189984,1.25,2.5,-1,4500,2,48139.105123907
0,JWST/NIRCam.F480M,13582.074466602,1.25,3,-1,4500,2,48139.105123907
0,JWST/NIRCam.F480M,13668.888506305,1.25,3.5,-1,4500,2,48139.105123907
0,JWST/NIRCam.F480M,13750.232750275,1.25,4,-1,4500,2,48139.105123907
0,JWST/NIRCam.F480M,13868.106211634,1.25,4.5,-1,4500,2,48139.105123907
0,JWST/NIRCam.F480M,14055.269454964,1.25,5,-1,4500,2,48139.105123907
0,JWST/NIRCam.F480M,165239.03264459,1.25,4.5,-1,46000,2,48139.105123907
0,JWST/NIRCam.F480M,164578.70156386,1.25,5,-1,46000,2,48139.105123907
0,JWST/NIRCam.F480M,168269.51828262,1.25,4.5,-1,47000,2,48139.105123907
0,JWST/NIRCam.F480M,167469.62984844,1.25,5,-1,47000,2,48139.105123907
0,JWST/NIRCam.F480M,14562.831800455,1.25,0,-1,4750,2,48139.105123907
0,JWST/NIRCam.F480M,14487.074276211,1.25,0.5,-1,4750,2,48139.105123907
0,JWST/NIRCam.F480M,14468.817767799,1.25,1,-1,4750,2,48139.105123907
0,JWST/NIRCam.F480M,14490.203153716,1.25,1.5,-1,4750,2,48139.105123907
0,JWST/NIRCam.F480M,14537.572188274,1.25,2,-1,4750,2,48139.105123907
0,JWST/NIRCam.F480M,14600.302884535,1.25,2.5,-1,4750,2,48139.105123907
0,JWST/NIRCam.F480M,14667.222591087,1.25,3,-1,4750,2,48139.105123907
0,JWST/NIRCam.F480M,14737.807093638,1.25,3.5,-1,4750,2,48139.105123907
0,JWST/NIRCam.F480M,14809.486845558,1.25,4,-1,4750,2,48139.105123907
0,JWST/NIRCam.F480M,14891.011467152,1.25,4.5,-1,4750,2,48139.105123907
0,JWST/NIRCam.F480M,15000.217934649,1.25,5,-1,4750,2,48139.105123907
0,JWST/NIRCam.F480M,171286.94685993,1.25,4.5,-1,48000,2,48139.105123907
0,JWST/NIRCam.F480M,170332.30114839,1.25,5,-1,48000,2,48139.105123907
0,JWST/NIRCam.F480M,174286.82668336,1.25,4.5,-1,49000,2,48139.105123907
0,JWST/NIRCam.F480M,173177.56934677,1.25,5,-1,49000,2,48139.105123907
0,JWST/NIRCam.F480M,176015.2955637,1.25,5,-1,50000,2,48139.105123907
0,JWST/NIRCam.F480M,16177.234887964,1.25,0,-1,5000,2,48139.105123907
0,JWST/NIRCam.F480M,16016.034433643,1.25,0.5,-1,5000,2,48139.105123907
0,JWST/NIRCam.F480M,15900.768832621,1.25,1,-1,5000,2,48139.105123907
0,JWST/NIRCam.F480M,15828.213684641,1.25,1.5,-1,5000,2,48139.105123907
0,JWST/NIRCam.F480M,15793.517796219,1.25,2,-1,5000,2,48139.105123907
0,JWST/NIRCam.F480M,15786.235469601,1.25,2.5,-1,5000,2,48139.105123907
0,JWST/NIRCam.F480M,15800.473969187,1.25,3,-1,5000,2,48139.105123907
0,JWST/NIRCam.F480M,15832.28941026,1.25,3.5,-1,5000,2,48139.105123907
0,JWST/NIRCam.F480M,15877.933311828,1.25,4,-1,5000,2,48139.105123907
0,JWST/NIRCam.F480M,15940.804168941,1.25,4.5,-1,5000,2,48139.105123907
0,JWST/NIRCam.F480M,16020.172031443,1.25,5,-1,5000,2,48139.105123907
0,JWST/NIRCam.F480M,17563.934538802,1.25,0,-1,5250,2,48139.105123907
0,JWST/NIRCam.F480M,17414.445568263,1.25,0.5,-1,5250,2,48139.105123907
0,JWST/NIRCam.F480M,17277.422182146,1.25,1,-1,5250,2,48139.105123907
0,JWST/NIRCam.F480M,17161.697266743,1.25,1.5,-1,5250,2,48139.105123907
0,JWST/NIRCam.F480M,17072.06901512,1.25,2,-1,5250,2,48139.105123907
0,JWST/NIRCam.F480M,17006.654328192,1.25,2.5,-1,5250,2,48139.105123907
0,JWST/NIRCam.F480M,16968.934172608,1.25,3,-1,5250,2,48139.105123907
0,JWST/NIRCam.F480M,16955.466323623,1.25,3.5,-1,5250,2,48139.105123907
0,JWST/NIRCam.F480M,16969.026431124,1.25,4,-1,5250,2,48139.105123907
0,JWST/NIRCam.F480M,17008.475701803,1.25,4.5,-1,5250,2,48139.105123907
0,JWST/NIRCam.F480M,17072.817640901,1.25,5,-1,5250,2,48139.105123907
0,JWST/NIRCam.F480M,18527.827066603,1.25,0,-1,5500,2,48139.105123907
0,JWST/NIRCam.F480M,18456.577392971,1.25,0.5,-1,5500,2,48139.105123907
0,JWST/NIRCam.F480M,18370.168303729,1.25,1,-1,5500,2,48139.105123907
0,JWST/NIRCam.F480M,18282.918019158,1.25,1.5,-1,5500,2,48139.105123907
0,JWST/NIRCam.F480M,18202.41417247,1.25,2,-1,5500,2,48139.105123907
0,JWST/NIRCam.F480M,18132.093268144,1.25,2.5,-1,5500,2,48139.105123907
0,JWST/NIRCam.F480M,18078.956375072,1.25,3,-1,5500,2,48139.105123907
0,JWST/NIRCam.F480M,18043.965592285,1.25,3.5,-1,5500,2,48139.105123907
0,JWST/NIRCam.F480M,18038.903433928,1.25,4,-1,5500,2,48139.105123907
0,JWST/NIRCam.F480M,18064.796204174,1.25,4.5,-1,5500,2,48139.105123907
0,JWST/NIRCam.F480M,18121.363132483,1.25,5,-1,5500,2,48139.105123907
0,JWST/NIRCam.F480M,19289.746645595,1.25,0,-1,5750,2,48139.105123907
0,JWST/NIRCam.F480M,19293.601366145,1.25,0.5,-1,5750,2,48139.105123907
0,JWST/NIRCam.F480M,19260.963835483,1.25,1,-1,5750,2,48139.105123907
0,JWST/NIRCam.F480M,19214.743722557,1.25,1.5,-1,5750,2,48139.105123907
0,JWST/NIRCam.F480M,19163.384166371,1.25,2,-1,5750,2,48139.105123907
0,JWST/NIRCam.F480M,19113.320936432,1.25,2.5,-1,5750,2,48139.105123907
0,JWST/NIRCam.F480M,19069.876847678,1.25,3,-1,5750,2,48139.105123907
0,JWST/NIRCam.F480M,19037.27761566,1.25,3.5,-1,5750,2,48139.105123907
0,JWST/NIRCam.F480M,19028.008933574,1.25,4,-1,5750,2,48139.105123907
0,JWST/NIRCam.F480M,19047.897582415,1.25,4.5,-1,5750,2,48139.105123907
0,JWST/NIRCam.F480M,19107.079779471,1.25,5,-1,5750,2,48139.105123907
0,JWST/NIRCam.F480M,19970.787375764,1.25,0,-1,6000,2,48139.105123907
0,JWST/NIRCam.F480M,20048.161924585,1.25,0.5,-1,6000,2,48139.105123907
0,JWST/NIRCam.F480M,20064.65568448,1.25,1,-1,6000,2,48139.105123907
0,JWST/NIRCam.F480M,20051.076266087,1.25,1.5,-1,6000,2,48139.105123907
0,JWST/NIRCam.F480M,20022.478187351,1.25,2,-1,6000,2,48139.105123907
0,JWST/NIRCam.F480M,19987.200681364,1.25,2.5,-1,6000,2,48139.105123907
0,JWST/NIRCam.F480M,19952.29332325,1.25,3,-1,6000,2,48139.105123907
0,JWST/NIRCam.F480M,19925.33828623,1.25,3.5,-1,6000,2,48139.105123907
0,JWST/NIRCam.F480M,19915.037494191,1.25,4,-1,6000,2,48139.105123907
0,JWST/NIRCam.F480M,19930.612579705,1.25,4.5,-1,6000,2,48139.105123907
0,JWST/NIRCam.F480M,19989.255528788,1.25,5,-1,6000,2,48139.105123907
0,JWST/NIRCam.F480M,20747.729559819,1.25,0.5,-1,6250,2,48139.105123907
0,JWST/NIRCam.F480M,20828.390298329,1.25,1,-1,6250,2,48139.105123907
0,JWST/NIRCam.F480M,20854.749454092,1.25,1.5,-1,6250,2,48139.105123907
0,JWST/NIRCam.F480M,20850.397154769,1.25,2,-1,6250,2,48139.105123907
0,JWST/NIRCam.F480M,20827.496950558,1.25,2.5,-1,6250,2,48139.105123907
0,JWST/NIRCam.F480M,20796.903280493,1.25,3,-1,6250,2,48139.105123907
0,JWST/NIRCam.F480M,20768.585282929,1.25,3.5,-1,6250,2,48139.105123907
0,JWST/NIRCam.F480M,20749.743975304,1.25,4,-1,6250,2,48139.105123907
0,JWST/NIRCam.F480M,20755.44523137,1.25,4.5,-1,6250,2,48139.105123907
0,JWST/NIRCam.F480M,20797.281807204,1.25,5,-1,6250,2,48139.105123907
0,JWST/NIRCam.F480M,21394.78047258,1.25,0.5,-1,6500,2,48139.105123907
0,JWST/NIRCam.F480M,21539.649170677,1.25,1,-1,6500,2,48139.105123907
0,JWST/NIRCam.F480M,21625.082316509,1.25,1.5,-1,6500,2,48139.105123907
0,JWST/NIRCam.F480M,21657.95414384,1.25,2,-1,6500,2,48139.105123907
0,JWST/NIRCam.F480M,21656.164503803,1.25,2.5,-1,6500,2,48139.105123907
0,JWST/NIRCam.F480M,21634.663959251,1.25,3,-1,6500,2,48139.105123907
0,JWST/NIRCam.F480M,21605.596791387,1.25,3.5,-1,6500,2,48139.105123907
0,JWST/NIRCam.F480M,21579.045092898,1.25,4,-1,6500,2,48139.105123907
0,JWST/NIRCam.F480M,21570.336210982,1.25,4.5,-1,6500,2,48139.105123907
0,JWST/NIRCam.F480M,21589.491359516,1.25,5,-1,6500,2,48139.105123907
0,JWST/NIRCam.F480M,22029.563910345,1.25,0.5,-1,6750,2,48139.105123907
0,JWST/NIRCam.F480M,22209.600863978,1.25,1,-1,6750,2,48139.105123907
0,JWST/NIRCam.F480M,22346.92777812,1.25,1.5,-1,6750,2,48139.105123907
0,JWST/NIRCam.F480M,22435.840087544,1.25,2,-1,6750,2,48139.105123907
0,JWST/NIRCam.F480M,22470.828907603,1.25,2.5,-1,6750,2,48139.105123907
0,JWST/NIRCam.F480M,22467.426936785,1.25,3,-1,6750,2,48139.105123907
0,JWST/NIRCam.F480M,22443.998404542,1.25,3.5,-1,6750,2,48139.105123907
0,JWST/NIRCam.F480M,22415.04979269,1.25,4,-1,6750,2,48139.105123907
0,JWST/NIRCam.F480M,22393.204905097,1.25,4.5,-1,6750,2,48139.105123907
0,JWST/NIRCam.F480M,22392.04698321,1.25,5,-1,6750,2,48139.105123907
0,JWST/NIRCam.F480M,22681.064544148,1.25,0.5,-1,7000,2,48139.105123907
0,JWST/NIRCam.F480M,22880.069355176,1.25,1,-1,7000,2,48139.105123907
0,JWST/NIRCam.F480M,23040.296204165,1.25,1.5,-1,7000,2,48139.105123907
0,JWST/NIRCam.F480M,23168.995086382,1.25,2,-1,7000,2,48139.105123907
0,JWST/NIRCam.F480M,23257.692458774,1.25,2.5,-1,7000,2,48139.105123907
0,JWST/NIRCam.F480M,23289.669061681,1.25,3,-1,7000,2,48139.105123907
0,JWST/NIRCam.F480M,23282.123881224,1.25,3.5,-1,7000,2,48139.105123907
0,JWST/NIRCam.F480M,23257.15813121,1.25,4,-1,7000,2,48139.105123907
0,JWST/NIRCam.F480M,23228.557413489,1.25,4.5,-1,7000,2,48139.105123907
0,JWST/NIRCam.F480M,23211.748748331,1.25,5,-1,7000,2,48139.105123907
0,JWST/NIRCam.F480M,23386.688248218,1.25,0.5,-1,7250,2,48139.105123907
0,JWST/NIRCam.F480M,23567.921256673,1.25,1,-1,7250,2,48139.105123907
0,JWST/NIRCam.F480M,23742.085267767,1.25,1.5,-1,7250,2,48139.105123907
0,JWST/NIRCam.F480M,23886.495286775,1.25,2,-1,7250,2,48139.105123907
0,JWST/NIRCam.F480M,24002.81787507,1.25,2.5,-1,7250,2,48139.105123907
0,JWST/NIRCam.F480M,24088.556373514,1.25,3,-1,7250,2,48139.105123907
0,JWST/NIRCam.F480M,24112.700861665,1.25,3.5,-1,7250,2,48139.105123907
0,JWST/NIRCam.F480M,24099.785653661,1.25,4,-1,7250,2,48139.105123907
0,JWST/NIRCam.F480M,24072.510132405,1.25,4.5,-1,7250,2,48139.105123907
0,JWST/NIRCam.F480M,24046.393370146,1.25,5,-1,7250,2,48139.105123907
0,JWST/NIRCam.F480M,24218.359264724,1.25,0.5,-1,7500,2,48139.105123907
0,JWST/NIRCam.F480M,24294.976756769,1.25,1,-1,7500,2,48139.105123907
0,JWST/NIRCam.F480M,24461.126919768,1.25,1.5,-1,7500,2,48139.105123907
0,JWST/NIRCam.F480M,24617.707134282,1.25,2,-1,7500,2,48139.105123907
0,JWST/NIRCam.F480M,24748.794995186,1.25,2.5,-1,7500,2,48139.105123907
0,JWST/NIRCam.F480M,24848.426001574,1.25,3,-1,7500,2,48139.105123907
0,JWST/NIRCam.F480M,24924.655238496,1.25,3.5,-1,7500,2,48139.105123907
0,JWST/NIRCam.F480M,24936.589849252,1.25,4,-1,7500,2,48139.105123907
0,JWST/NIRCam.F480M,24919.876765878,1.25,4.5,-1,7500,2,48139.105123907
0,JWST/NIRCam.F480M,24890.365983249,1.25,5,-1,7500,2,48139.105123907
0,JWST/NIRCam.F480M,25081.149118963,1.25,1,-1,7750,2,48139.105123907
0,JWST/NIRCam.F480M,25206.669582375,1.25,1.5,-1,7750,2,48139.105123907
0,JWST/NIRCam.F480M,25364.584588729,1.25,2,-1,7750,2,48139.105123907
0,JWST/NIRCam.F480M,25508.521462147,1.25,2.5,-1,7750,2,48139.105123907
0,JWST/NIRCam.F480M,25623.864199065,1.25,3,-1,7750,2,48139.105123907
0,JWST/NIRCam.F480M,25699.985896645,1.25,3.5,-1,7750,2,48139.105123907
0,JWST/NIRCam.F480M,25763.21969726,1.25,4,-1,7750,2,48139.105123907
0,JWST/NIRCam.F480M,25763.299331481,1.25,4.5,-1,7750,2,48139.105123907
0,JWST/NIRCam.F480M,25738.108533803,1.25,5,-1,7750,2,48139.105123907
0,JWST/NIRCam.F480M,25944.270708478,1.25,1,-1,8000,2,48139.105123907
0,JWST/NIRCam.F480M,25980.682259489,1.25,1.5,-1,8000,2,48139.105123907
0,JWST/NIRCam.F480M,26118.483056052,1.25,2,-1,8000,2,48139.105123907
0,JWST/NIRCam.F480M,26268.638381189,1.25,2.5,-1,8000,2,48139.105123907
0,JWST/NIRCam.F480M,26402.808121933,1.25,3,-1,8000,2,48139.105123907
0,JWST/NIRCam.F480M,26502.239588235,1.25,3.5,-1,8000,2,48139.105123907
0,JWST/NIRCam.F480M,26554.756026448,1.25,4,-1,8000,2,48139.105123907
0,JWST/NIRCam.F480M,26600.323701146,1.25,4.5,-1,8000,2,48139.105123907
0,JWST/NIRCam.F480M,26585.358772857,1.25,5,-1,8000,2,48139.105123907
0,JWST/NIRCam.F480M,26899.906144671,1.25,1,-1,8250,2,48139.105123907
0,JWST/NIRCam.F480M,26776.036129358,1.25,1.5,-1,8250,2,48139.105123907
0,JWST/NIRCam.F480M,26874.488057814,1.25,2,-1,8250,2,48139.105123907
0,JWST/NIRCam.F480M,27019.394101792,1.25,2.5,-1,8250,2,48139.105123907
0,JWST/NIRCam.F480M,27166.762581163,1.25,3,-1,8250,2,48139.105123907
0,JWST/NIRCam.F480M,27292.140562892,1.25,3.5,-1,8250,2,48139.105123907
0,JWST/NIRCam.F480M,27373.76541755,1.25,4,-1,8250,2,48139.105123907
0,JWST/NIRCam.F480M,27407.762190341,1.25,4.5,-1,8250,2,48139.105123907
0,JWST/NIRCam.F480M,27431.012582482,1.25,5,-1,8250,2,48139.105123907
0,JWST/NIRCam.F480M,27614.065296593,1.25,1.5,-1,8500,2,48139.105123907
0,JWST/NIRCam.F480M,27643.643035193,1.25,2,-1,8500,2,48139.105123907
0,JWST/NIRCam.F480M,27761.399440608,1.25,2.5,-1,8500,2,48139.105123907
0,JWST/NIRCam.F480M,27904.120045136,1.25,3,-1,8500,2,48139.105123907
0,JWST/NIRCam.F480M,28045.415332136,1.25,3.5,-1,8500,2,48139.105123907
0,JWST/NIRCam.F480M,28163.887782975,1.25,4,-1,8500,2,48139.105123907
0,JWST/NIRCam.F480M,28232.24729948,1.25,4.5,-1,8500,2,48139.105123907
0,JWST/NIRCam.F480M,28258.9839937,1.25,5,-1,8500,2,48139.105123907
0,JWST/NIRCam.F480M,28491.163786866,1.25,1.5,-1,8750,2,48139.105123907
0,JWST/NIRCam.F480M,28432.767627045,1.25,2,-1,8750,2,48139.105123907
0,JWST/NIRCam.F480M,28505.462551057,1.25,2.5,-1,8750,2,48139.105123907
0,JWST/NIRCam.F480M,28628.449336778,1.25,3,-1,8750,2,48139.105123907
0,JWST/NIRCam.F480M,28768.059226191,1.25,3.5,-1,8750,2,48139.105123907
0,JWST/NIRCam.F480M,28906.568463744,1.25,4,-1,8750,2,48139.105123907
0,JWST/NIRCam.F480M,29021.186749231,1.25,4.5,-1,8750,2,48139.105123907
0,JWST/NIRCam.F480M,29075.427270922,1.25,5,-1,8750,2,48139.105123907
0,JWST/NIRCam.F480M,29388.440473926,1.25,1.5,-1,9000,2,48139.105123907
0,JWST/NIRCam.F480M,29245.975534218,1.25,2,-1,9000,2,48139.105123907
0,JWST/NIRCam.F480M,29270.093142859,1.25,2.5,-1,9000,2,48139.105123907
0,JWST/NIRCam.F480M,29360.475229274,1.25,3,-1,9000,2,48139.105123907
0,JWST/NIRCam.F480M,29479.865308133,1.25,3.5,-1,9000,2,48139.105123907
0,JWST/NIRCam.F480M,29617.240761433,1.25,4,-1,9000,2,48139.105123907
0,JWST/NIRCam.F480M,29754.271393245,1.25,4.5,-1,9000,2,48139.105123907
0,JWST/NIRCam.F480M,29867.122748193,1.25,5,-1,9000,2,48139.105123907
0,JWST/NIRCam.F480M,30076.229582225,1.25,2,-1,9250,2,48139.105123907
0,JWST/NIRCam.F480M,30046.151142948,1.25,2.5,-1,9250,2,48139.105123907
0,JWST/NIRCam.F480M,30102.413848188,1.25,3,-1,9250,2,48139.105123907
0,JWST/NIRCam.F480M,30199.438305347,1.25,3.5,-1,9250,2,48139.105123907
0,JWST/NIRCam.F480M,30320.027075803,1.25,4,-1,9250,2,48139.105123907
0,JWST/NIRCam.F480M,30454.072925438,1.25,4.5,-1,9250,2,48139.105123907
0,JWST/NIRCam.F480M,30593.292846605,1.25,5,-1,9250,2,48139.105123907
0,JWST/NIRCam.F480M,30919.974252515,1.25,2,-1,9500,2,48139.105123907
0,JWST/NIRCam.F480M,30837.272453374,1.25,2.5,-1,9500,2,48139.105123907
0,JWST/NIRCam.F480M,30852.815836774,1.25,3,-1,9500,2,48139.105123907
0,JWST/NIRCam.F480M,30921.402278821,1.25,3.5,-1,9500,2,48139.105123907
0,JWST/NIRCam.F480M,31021.168141056,1.25,4,-1,9500,2,48139.105123907
0,JWST/NIRCam.F480M,31143.629471375,1.25,4.5,-1,9500,2,48139.105123907
0,JWST/NIRCam.F480M,31285.151318071,1.25,5,-1,9500,2,48139.105123907
0,JWST/NIRCam.F480M,31765.075683865,1.25,2,-1,9750,2,48139.105123907
0,JWST/NIRCam.F480M,31639.301271189,1.25,2.5,-1,9750,2,48139.105123907
0,JWST/NIRCam.F480M,31617.003609579,1.25,3,-1,9750,2,48139.105123907
0,JWST/NIRCam.F480M,31654.145682197,1.25,3.5,-1,9750,2,48139.105123907
0,JWST/NIRCam.F480M,31728.966046212,1.25,4,-1,9750,2,48139.105123907
0,JWST/NIRCam.F480M,31832.490361757,1.25,4.5,-1,9750,2,48139.105123907
0,JWST/NIRCam.F480M,31960.765727789,1.25,5,-1,9750,2,48139.105123907
0,JWST/NIRCam.F480M,32442.311704601,1.25,2,-1.5,10000,2,48139.105123907
0,JWST/NIRCam.F480M,32298.685864509,1.25,2.5,-1.5,10000,2,48139.105123907
0,JWST/NIRCam.F480M,32262.203911266,1.25,3,-1.5,10000,2,48139.105123907
0,JWST/NIRCam.F480M,32286.99899803,1.25,3.5,-1.5,10000,2,48139.105123907
0,JWST/NIRCam.F480M,32347.089938104,1.25,4,-1.5,10000,2,48139.105123907
0,JWST/NIRCam.F480M,32429.4033903,1.25,4.5,-1.5,10000,2,48139.105123907
0,JWST/NIRCam.F480M,32530.994746369,1.25,5,-1.5,10000,2,48139.105123907
0,JWST/NIRCam.F480M,33250.732625582,1.25,2,-1.5,10250,2,48139.105123907
0,JWST/NIRCam.F480M,33063.459508668,1.25,2.5,-1.5,10250,2,48139.105123907
0,JWST/NIRCam.F480M,32992.353542103,1.25,3,-1.5,10250,2,48139.105123907
0,JWST/NIRCam.F480M,32992.952984571,1.25,3.5,-1.5,10250,2,48139.105123907
0,JWST/NIRCam.F480M,33040.250510005,1.25,4,-1.5,10250,2,48139.105123907
0,JWST/NIRCam.F480M,33117.425580959,1.25,4.5,-1.5,10250,2,48139.105123907
0,JWST/NIRCam.F480M,33213.430235966,1.25,5,-1.5,10250,2,48139.105123907
0,JWST/NIRCam.F480M,34059.321509746,1.25,2,-1.5,10500,2,48139.105123907
0,JWST/NIRCam.F480M,33829.672278519,1.25,2.5,-1.5,10500,2,48139.105123907
0,JWST/NIRCam.F480M,33721.493612417,1.25,3,-1.5,10500,2,48139.105123907
0,JWST/NIRCam.F480M,33692.749066154,1.25,3.5,-1.5,10500,2,48139.105123907
0,JWST/NIRCam.F480M,33720.693285964,1.25,4,-1.5,10500,2,48139.105123907
0,JWST/NIRCam.F480M,33789.478236667,1.25,4.5,-1.5,10500,2,48139.105123907
0,JWST/NIRCam.F480M,33883.895500689,1.25,5,-1.5,10500,2,48139.105123907
0,JWST/NIRCam.F480M,34867.21664298,1.25,2,-1.5,10750,2,48139.105123907
0,JWST/NIRCam.F480M,34598.430484211,1.25,2.5,-1.5,10750,2,48139.105123907
0,JWST/NIRCam.F480M,34454.643616644,1.25,3,-1.5,10750,2,48139.105123907
0,JWST/NIRCam.F480M,34394.312964398,1.25,3.5,-1.5,10750,2,48139.105123907
0,JWST/NIRCam.F480M,34397.198580729,1.25,4,-1.5,10750,2,48139.105123907
0,JWST/NIRCam.F480M,34450.564359979,1.25,4.5,-1.5,10750,2,48139.105123907
0,JWST/NIRCam.F480M,34540.549652674,1.25,5,-1.5,10750,2,48139.105123907
0,JWST/NIRCam.F480M,35668.907137772,1.25,2,-1.5,11000,2,48139.105123907
0,JWST/NIRCam.F480M,35365.830214885,1.25,2.5,-1.5,11000,2,48139.105123907
0,JWST/NIRCam.F480M,35188.672579703,1.25,3,-1.5,11000,2,48139.105123907
0,JWST/NIRCam.F480M,35097.395130246,1.25,3.5,-1.5,11000,2,48139.105123907
0,JWST/NIRCam.F480M,35073.674859341,1.25,4,-1.5,11000,2,48139.105123907
0,JWST/NIRCam.F480M,35106.419013137,1.25,4.5,-1.5,11000,2,48139.105123907
0,JWST/NIRCam.F480M,35186.258129173,1.25,5,-1.5,11000,2,48139.105123907
0,JWST/NIRCam.F480M,36466.593648446,1.25,2,-1.5,11250,2,48139.105123907
0,JWST/NIRCam.F480M,36132.618062848,1.25,2.5,-1.5,11250,2,48139.105123907
0,JWST/NIRCam.F480M,35923.797256358,1.25,3,-1.5,11250,2,48139.105123907
0,JWST/NIRCam.F480M,35803.143227872,1.25,3.5,-1.5,11250,2,48139.105123907
0,JWST/NIRCam.F480M,35752.760891976,1.25,4,-1.5,11250,2,48139.105123907
0,JWST/NIRCam.F480M,35761.929612237,1.25,4.5,-1.5,11250,2,48139.105123907
0,JWST/NIRCam.F480M,35825.264088163,1.25,5,-1.5,11250,2,48139.105123907
0,JWST/NIRCam.F480M,37255.397430837,1.25,2,-1.5,11500,2,48139.105123907
0,JWST/NIRCam.F480M,36895.836881872,1.25,2.5,-1.5,11500,2,48139.105123907
0,JWST/NIRCam.F480M,36659.380309847,1.25,3,-1.5,11500,2,48139.105123907
0,JWST/NIRCam.F480M,36511.328952917,1.25,3.5,-1.5,11500,2,48139.105123907
0,JWST/NIRCam.F480M,36434.81352791,1.25,4,-1.5,11500,2,48139.105123907
0,JWST/NIRCam.F480M,36420.047405871,1.25,4.5,-1.5,11500,2,48139.105123907
0,JWST/NIRCam.F480M,36463.971675334,1.25,5,-1.5,11500,2,48139.105123907
0,JWST/NIRCam.F480M,38034.298545867,1.25,2,-1.5,11750,2,48139.105123907
0,JWST/NIRCam.F480M,37652.726868209,1.25,2.5,-1.5,11750,2,48139.105123907
0,JWST/NIRCam.F480M,37392.334364223,1.25,3,-1.5,11750,2,48139.105123907
0,JWST/NIRCam.F480M,37220.709962776,1.25,3.5,-1.5,11750,2,48139.105123907
0,JWST/NIRCam.F480M,37120.301528269,1.25,4,-1.5,11750,2,48139.105123907
0,JWST/NIRCam.F480M,37082.265281611,1.25,4.5,-1.5,11750,2,48139.105123907
0,JWST/NIRCam.F480M,37104.787456669,1.25,5,-1.5,11750,2,48139.105123907
0,JWST/NIRCam.F480M,38403.244227676,1.25,2.5,-1.5,12000,2,48139.105123907
0,JWST/NIRCam.F480M,38121.867967815,1.25,3,-1.5,12000,2,48139.105123907
0,JWST/NIRCam.F480M,37929.057203212,1.25,3.5,-1.5,12000,2,48139.105123907
0,JWST/NIRCam.F480M,37806.598015827,1.25,4,-1.5,12000,2,48139.105123907
0,JWST/NIRCam.F480M,37747.630951476,1.25,4.5,-1.5,12000,2,48139.105123907
0,JWST/NIRCam.F480M,37748.802818835,1.25,5,-1.5,12000,2,48139.105123907
0,JWST/NIRCam.F480M,39146.96525584,1.25,2.5,-1.5,12250,2,48139.105123907
0,JWST/NIRCam.F480M,38847.755816739,1.25,3,-1.5,12250,2,48139.105123907
0,JWST/NIRCam.F480M,38634.381337924,1.25,3.5,-1.5,12250,2,48139.105123907
0,JWST/NIRCam.F480M,38493.025472025,1.25,4,-1.5,12250,2,48139.105123907
0,JWST/NIRCam.F480M,38414.662547728,1.25,4.5,-1.5,12250,2,48139.105123907
0,JWST/NIRCam.F480M,38396.327193831,1.25,5,-1.5,12250,2,48139.105123907
0,JWST/NIRCam.F480M,39883.070351666,1.25,2.5,-1.5,12500,2,48139.105123907
0,JWST/NIRCam.F480M,39567.694301839,1.25,3,-1.5,12500,2,48139.105123907
0,JWST/NIRCam.F480M,39338.357735661,1.25,3.5,-1.5,12500,2,48139.105123907
0,JWST/NIRCam.F480M,39179.289331234,1.25,4,-1.5,12500,2,48139.105123907
0,JWST/NIRCam.F480M,39082.940115324,1.25,4.5,-1.5,12500,2,48139.105123907
0,JWST/NIRCam.F480M,39046.578471101,1.25,5,-1.5,12500,2,48139.105123907
0,JWST/NIRCam.F480M,40615.105871698,1.25,2.5,-1.5,12750,2,48139.105123907
0,JWST/NIRCam.F480M,40283.496359224,1.25,3,-1.5,12750,2,48139.105123907
0,JWST/NIRCam.F480M,40041.292523472,1.25,3.5,-1.5,12750,2,48139.105123907
0,JWST/NIRCam.F480M,39865.619118187,1.25,4,-1.5,12750,2,48139.105123907
0,JWST/NIRCam.F480M,39753.666270256,1.25,4.5,-1.5,12750,2,48139.105123907
0,JWST/NIRCam.F480M,39700.854515587,1.25,5,-1.5,12750,2,48139.105123907
0,JWST/NIRCam.F480M,41343.100529903,1.25,2.5,-1.5,13000,2,48139.105123907
0,JWST/NIRCam.F480M,40994.920244463,1.25,3,-1.5,13000,2,48139.105123907
0,JWST/NIRCam.F480M,40739.490155437,1.25,3.5,-1.5,13000,2,48139.105123907
0,JWST/NIRCam.F480M,40553.076512706,1.25,4,-1.5,13000,2,48139.105123907
0,JWST/NIRCam.F480M,40424.111682039,1.25,4.5,-1.5,13000,2,48139.105123907
0,JWST/NIRCam.F480M,40356.953053127,1.25,5,-1.5,13000,2,48139.105123907
0,JWST/NIRCam.F480M,44804.394683755,1.25,2,-1.5,14000,2,48139.105123907
0,JWST/NIRCam.F480M,44211.821162063,1.25,2.5,-1.5,14000,2,48139.105123907
0,JWST/NIRCam.F480M,43802.463609678,1.25,3,-1.5,14000,2,48139.105123907
0,JWST/NIRCam.F480M,43508.534468274,1.25,3.5,-1.5,14000,2,48139.105123907
0,JWST/NIRCam.F480M,43291.742915444,1.25,4,-1.5,14000,2,48139.105123907
0,JWST/NIRCam.F480M,43128.250540965,1.25,4.5,-1.5,14000,2,48139.105123907
0,JWST/NIRCam.F480M,43014.250395214,1.25,5,-1.5,14000,2,48139.105123907
0,JWST/NIRCam.F480M,47060.356878445,1.25,2.5,-1.5,15000,2,48139.105123907
0,JWST/NIRCam.F480M,46550.191808717,1.25,3,-1.5,15000,2,48139.105123907
0,JWST/NIRCam.F480M,46198.200987972,1.25,3.5,-1.5,15000,2,48139.105123907
0,JWST/NIRCam.F480M,45947.957581707,1.25,4,-1.5,15000,2,48139.105123907
0,JWST/NIRCam.F480M,45767.080777664,1.25,4.5,-1.5,15000,2,48139.105123907
0,JWST/NIRCam.F480M,45638.146709601,1.25,5,-1.5,15000,2,48139.105123907
0,JWST/NIRCam.F480M,49976.263164549,1.25,2.5,-1.5,16000,2,48139.105123907
0,JWST/NIRCam.F480M,49318.097146201,1.25,3,-1.5,16000,2,48139.105123907
0,JWST/NIRCam.F480M,48878.927956611,1.25,3.5,-1.5,16000,2,48139.105123907
0,JWST/NIRCam.F480M,48584.000576286,1.25,4,-1.5,16000,2,48139.105123907
0,JWST/NIRCam.F480M,48380.510395996,1.25,4.5,-1.5,16000,2,48139.105123907
0,JWST/NIRCam.F480M,48237.465273397,1.25,5,-1.5,16000,2,48139.105123907
0,JWST/NIRCam.F480M,52986.594320881,1.25,2.5,-1.5,17000,2,48139.105123907
0,JWST/NIRCam.F480M,52144.132878045,1.25,3,-1.5,17000,2,48139.105123907
0,JWST/NIRCam.F480M,51588.54858888,1.25,3.5,-1.5,17000,2,48139.105123907
0,JWST/NIRCam.F480M,51222.159394064,1.25,4,-1.5,17000,2,48139.105123907
0,JWST/NIRCam.F480M,50979.226480392,1.25,4.5,-1.5,17000,2,48139.105123907
0,JWST/NIRCam.F480M,50818.438939183,1.25,5,-1.5,17000,2,48139.105123907
0,JWST/NIRCam.F480M,56124.135547268,1.25,2.5,-1.5,18000,2,48139.105123907
0,JWST/NIRCam.F480M,55052.416870986,1.25,3,-1.5,18000,2,48139.105123907
0,JWST/NIRCam.F480M,54345.180859369,1.25,3.5,-1.5,18000,2,48139.105123907
0,JWST/NIRCam.F480M,53883.930087175,1.25,4,-1.5,18000,2,48139.105123907
0,JWST/NIRCam.F480M,53588.094611835,1.25,4.5,-1.5,18000,2,48139.105123907
0,JWST/NIRCam.F480M,53397.604142349,1.25,5,-1.5,18000,2,48139.105123907
0,JWST/NIRCam.F480M,59342.414662078,1.25,2.5,-1.5,19000,2,48139.105123907
0,JWST/NIRCam.F480M,58054.085617959,1.25,3,-1.5,19000,2,48139.105123907
0,JWST/NIRCam.F480M,57189.318358264,1.25,3.5,-1.5,19000,2,48139.105123907
0,JWST/NIRCam.F480M,56606.237671517,1.25,4,-1.5,19000,2,48139.105123907
0,JWST/NIRCam.F480M,56228.804280709,1.25,4.5,-1.5,19000,2,48139.105123907
0,JWST/NIRCam.F480M,55992.754893943,1.25,5,-1.5,19000,2,48139.105123907
0,JWST/NIRCam.F480M,61077.468871419,1.25,3,-1.5,20000,2,48139.105123907
0,JWST/NIRCam.F480M,60065.335766668,1.25,3.5,-1.5,20000,2,48139.105123907
0,JWST/NIRCam.F480M,59370.154010981,1.25,4,-1.5,20000,2,48139.105123907
0,JWST/NIRCam.F480M,58906.07450225,1.25,4.5,-1.5,20000,2,48139.105123907
0,JWST/NIRCam.F480M,58607.149225742,1.25,5,-1.5,20000,2,48139.105123907
0,JWST/NIRCam.F480M,64174.671012717,1.25,3,-1.5,21000,2,48139.105123907
0,JWST/NIRCam.F480M,62979.163591801,1.25,3.5,-1.5,21000,2,48139.105123907
0,JWST/NIRCam.F480M,62170.270165412,1.25,4,-1.5,21000,2,48139.105123907
0,JWST/NIRCam.F480M,61615.024509423,1.25,4.5,-1.5,21000,2,48139.105123907
0,JWST/NIRCam.F480M,61247.446980711,1.25,5,-1.5,21000,2,48139.105123907
0,JWST/NIRCam.F480M,67377.513869661,1.25,3,-1.5,22000,2,48139.105123907
0,JWST/NIRCam.F480M,65909.4851919,1.25,3.5,-1.5,22000,2,48139.105123907
0,JWST/NIRCam.F480M,64992.318274728,1.25,4,-1.5,22000,2,48139.105123907
0,JWST/NIRCam.F480M,64362.953539334,1.25,4.5,-1.5,22000,2,48139.105123907
0,JWST/NIRCam.F480M,63930.08793278,1.25,5,-1.5,22000,2,48139.105123907
0,JWST/NIRCam.F480M,70774.09905506,1.25,3,-1.5,23000,2,48139.105123907
0,JWST/NIRCam.F480M,68902.648511098,1.25,3.5,-1.5,23000,2,48139.105123907
0,JWST/NIRCam.F480M,67807.762992934,1.25,4,-1.5,23000,2,48139.105123907
0,JWST/NIRCam.F480M,67103.137995321,1.25,4.5,-1.5,23000,2,48139.105123907
0,JWST/NIRCam.F480M,66623.096332403,1.25,5,-1.5,23000,2,48139.105123907
0,JWST/NIRCam.F480M,74477.480353903,1.25,3,-1.5,24000,2,48139.105123907
0,JWST/NIRCam.F480M,72030.729904928,1.25,3.5,-1.5,24000,2,48139.105123907
0,JWST/NIRCam.F480M,70696.025327066,1.25,4,-1.5,24000,2,48139.105123907
0,JWST/NIRCam.F480M,69869.590196896,1.25,4.5,-1.5,24000,2,48139.105123907
0,JWST/NIRCam.F480M,69335.747553908,1.25,5,-1.5,24000,2,48139.105123907
0,JWST/NIRCam.F480M,78651.272437817,1.25,3,-1.5,25000,2,48139.105123907
0,JWST/NIRCam.F480M,75351.96662428,1.25,3.5,-1.5,25000,2,48139.105123907
0,JWST/NIRCam.F480M,73706.081543218,1.25,4,-1.5,25000,2,48139.105123907
0,JWST/NIRCam.F480M,72715.632055211,1.25,4.5,-1.5,25000,2,48139.105123907
0,JWST/NIRCam.F480M,72094.884913804,1.25,5,-1.5,25000,2,48139.105123907
0,JWST/NIRCam.F480M,84013.839397678,1.25,3,-1.5,26000,2,48139.105123907
0,JWST/NIRCam.F480M,78937.026477627,1.25,3.5,-1.5,26000,2,48139.105123907
0,JWST/NIRCam.F480M,76897.997827703,1.25,4,-1.5,26000,2,48139.105123907
0,JWST/NIRCam.F480M,75699.309745543,1.25,4.5,-1.5,26000,2,48139.105123907
0,JWST/NIRCam.F480M,74958.918952391,1.25,5,-1.5,26000,2,48139.105123907
0,JWST/NIRCam.F480M,82966.317561629,1.25,3.5,-1.5,27000,2,48139.105123907
0,JWST/NIRCam.F480M,80344.447351717,1.25,4,-1.5,27000,2,48139.105123907
0,JWST/NIRCam.F480M,78894.75759309,1.25,4.5,-1.5,27000,2,48139.105123907
0,JWST/NIRCam.F480M,78010.375106179,1.25,5,-1.5,27000,2,48139.105123907
0,JWST/NIRCam.F480M,87802.604499043,1.25,3.5,-1.5,28000,2,48139.105123907
0,JWST/NIRCam.F480M,84155.343437183,1.25,4,-1.5,28000,2,48139.105123907
0,JWST/NIRCam.F480M,82378.412073662,1.25,4.5,-1.5,28000,2,48139.105123907
0,JWST/NIRCam.F480M,81324.045426977,1.25,5,-1.5,28000,2,48139.105123907
0,JWST/NIRCam.F480M,93805.358569209,1.25,3.5,-1.5,29000,2,48139.105123907
0,JWST/NIRCam.F480M,88524.603882461,1.25,4,-1.5,29000,2,48139.105123907
0,JWST/NIRCam.F480M,86240.805119834,1.25,4.5,-1.5,29000,2,48139.105123907
0,JWST/NIRCam.F480M,84988.325102236,1.25,5,-1.5,29000,2,48139.105123907
0,JWST/NIRCam.F480M,100662.96883805,1.25,3.5,-1.5,30000,2,48139.105123907
0,JWST/NIRCam.F480M,93680.468602943,1.25,4,-1.5,30000,2,48139.105123907
0,JWST/NIRCam.F480M,90636.68946763,1.25,4.5,-1.5,30000,2,48139.105123907
0,JWST/NIRCam.F480M,89086.98871228,1.25,5,-1.5,30000,2,48139.105123907
0,JWST/NIRCam.F480M,107768.8467321,1.25,3.5,-1.5,31000,2,48139.105123907
0,JWST/NIRCam.F480M,99595.263359435,1.25,4,-1.5,31000,2,48139.105123907
0,JWST/NIRCam.F480M,95659.892035652,1.25,4.5,-1.5,31000,2,48139.105123907
0,JWST/NIRCam.F480M,93703.020734755,1.25,5,-1.5,31000,2,48139.105123907
0,JWST/NIRCam.F480M,106069.77077492,1.25,4,-1.5,32000,2,48139.105123907
0,JWST/NIRCam.F480M,101297.04732338,1.25,4.5,-1.5,32000,2,48139.105123907
0,JWST/NIRCam.F480M,98863.321614611,1.25,5,-1.5,32000,2,48139.105123907
0,JWST/NIRCam.F480M,112560.69398299,1.25,4,-1.5,33000,2,48139.105123907
0,JWST/NIRCam.F480M,107447.82346752,1.25,4.5,-1.5,33000,2,48139.105123907
0,JWST/NIRCam.F480M,104540.25464231,1.25,5,-1.5,33000,2,48139.105123907
0,JWST/NIRCam.F480M,118918.75276025,1.25,4,-1.5,34000,2,48139.105123907
0,JWST/NIRCam.F480M,113687.21587246,1.25,4.5,-1.5,34000,2,48139.105123907
0,JWST/NIRCam.F480M,110556.66215861,1.25,5,-1.5,34000,2,48139.105123907
0,JWST/NIRCam.F480M,125173.19857107,1.25,4,-1.5,35000,2,48139.105123907
0,JWST/NIRCam.F480M,119864.66570649,1.25,4.5,-1.5,35000,2,48139.105123907
0,JWST/NIRCam.F480M,116626.72367336,1.25,5,-1.5,35000,2,48139.105123907
0,JWST/NIRCam.F480M,8968.0375583642,1.25,0,-1.5,3500,2,48139.105123907
0,JWST/NIRCam.F480M,8961.3104830963,1.25,0.5,-1.5,3500,2,48139.105123907
0,JWST/NIRCam.F480M,8931.9552265804,1.25,1,-1.5,3500,2,48139.105123907
0,JWST/NIRCam.F480M,8886.5824630814,1.25,1.5,-1.5,3500,2,48139.105123907
0,JWST/NIRCam.F480M,8918.2128221264,1.25,2,-1.5,3500,2,48139.105123907
0,JWST/NIRCam.F480M,9109.0093859045,1.25,2.5,-1.5,3500,2,48139.105123907
0,JWST/NIRCam.F480M,9291.2642476363,1.25,3,-1.5,3500,2,48139.105123907
0,JWST/NIRCam.F480M,9356.7942315588,1.25,3.5,-1.5,3500,2,48139.105123907
0,JWST/NIRCam.F480M,9338.1708568006,1.25,4,-1.5,3500,2,48139.105123907
0,JWST/NIRCam.F480M,9256.9228406575,1.25,4.5,-1.5,3500,2,48139.105123907
0,JWST/NIRCam.F480M,9111.3107058965,1.25,5,-1.5,3500,2,48139.105123907
0,JWST/NIRCam.F480M,131107.67138093,1.25,4,-1.5,36000,2,48139.105123907
0,JWST/NIRCam.F480M,125987.62443063,1.25,4.5,-1.5,36000,2,48139.105123907
0,JWST/NIRCam.F480M,122670.70319527,1.25,5,-1.5,36000,2,48139.105123907
0,JWST/NIRCam.F480M,136341.39362412,1.25,4,-1.5,37000,2,48139.105123907
0,JWST/NIRCam.F480M,131903.81723193,1.25,4.5,-1.5,37000,2,48139.105123907
0,JWST/NIRCam.F480M,128646.58914138,1.25,5,-1.5,37000,2,48139.105123907
0,JWST/NIRCam.F480M,10085.72567427,1.25,0,-1.5,3750,2,48139.105123907
0,JWST/NIRCam.F480M,10160.486845239,1.25,0.5,-1.5,3750,2,48139.105123907
0,JWST/NIRCam.F480M,10212.518432364,1.25,1,-1.5,3750,2,48139.105123907
0,JWST/NIRCam.F480M,10226.004096235,1.25,1.5,-1.5,3750,2,48139.105123907
0,JWST/NIRCam.F480M,10205.102969407,1.25,2,-1.5,3750,2,48139.105123907
0,JWST/NIRCam.F480M,10279.129992115,1.25,2.5,-1.5,3750,2,48139.105123907
0,JWST/NIRCam.F480M,10464.58251874,1.25,3,-1.5,3750,2,48139.105123907
0,JWST/NIRCam.F480M,10648.852285466,1.25,3.5,-1.5,3750,2,48139.105123907
0,JWST/NIRCam.F480M,10736.776460453,1.25,4,-1.5,3750,2,48139.105123907
0,JWST/NIRCam.F480M,10717.678844385,1.25,4.5,-1.5,3750,2,48139.105123907
0,JWST/NIRCam.F480M,10652.356759525,1.25,5,-1.5,3750,2,48139.105123907
0,JWST/NIRCam.F480M,140763.48723476,1.25,4,-1.5,38000,2,48139.105123907
0,JWST/NIRCam.F480M,137340.11638843,1.25,4.5,-1.5,38000,2,48139.105123907
0,JWST/NIRCam.F480M,134394.23774446,1.25,5,-1.5,38000,2,48139.105123907
0,JWST/NIRCam.F480M,144560.74068695,1.25,4,-1.5,39000,2,48139.105123907
0,JWST/NIRCam.F480M,142100.87700509,1.25,4.5,-1.5,39000,2,48139.105123907
0,JWST/NIRCam.F480M,139733.79140021,1.25,5,-1.5,39000,2,48139.105123907
0,JWST/NIRCam.F480M,146196.1944238,1.25,4.5,-1.5,40000,2,48139.105123907
0,JWST/NIRCam.F480M,144502.61549071,1.25,5,-1.5,40000,2,48139.105123907
0,JWST/NIRCam.F480M,11122.016685659,1.25,0,-1.5,4000,2,48139.105123907
0,JWST/NIRCam.F480M,11223.027580286,1.25,0.5,-1.5,4000,2,48139.105123907
0,JWST/NIRCam.F480M,11329.556148558,1.25,1,-1.5,4000,2,48139.105123907
0,JWST/NIRCam.F480M,11427.40574945,1.25,1.5,-1.5,4000,2,48139.105123907
0,JWST/NIRCam.F480M,11507.130398501,1.25,2,-1.5,4000,2,48139.105123907
0,JWST/NIRCam.F480M,11560.429399668,1.25,2.5,-1.5,4000,2,48139.105123907
0,JWST/NIRCam.F480M,11639.134304094,1.25,3,-1.5,4000,2,48139.105123907
0,JWST/NIRCam.F480M,11834.442325392,1.25,3.5,-1.5,4000,2,48139.105123907
0,JWST/NIRCam.F480M,12014.824326636,1.25,4,-1.5,4000,2,48139.105123907
0,JWST/NIRCam.F480M,12101.799479276,1.25,4.5,-1.5,4000,2,48139.105123907
0,JWST/NIRCam.F480M,12110.020932722,1.25,5,-1.5,4000,2,48139.105123907
0,JWST/NIRCam.F480M,149771.70305205,1.25,4.5,-1.5,41000,2,48139.105123907
