wavelengths,fluxes,convolved_flux
  2.000000E-10,  0.000000E+00,  0.000000E+00
  3.000000E-10,  0.000000E+00,  0.000000E+00
  4.000000E-10,  0.000000E+00,  0.000000E+00
  5.000000E-10,  0.000000E+00,  0.000000E+00
  6.000000E-10,  0.000000E+00,  0.000000E+00
  7.000000E-10,  0.000000E+00,  0.000000E+00
  8.000000E-10,  0.000000E+00,  0.000000E+00
  9.000000E-10,  0.000000E+00,  0.000000E+00
  1.000000E-09,  0.000000E+00,  0.000000E+00
  1.100000E-09,  0.000000E+00,  0.000000E+00
  1.200000E-09,  0.000000E+00,  0.000000E+00
  1.300000E-09,  0.000000E+00,  0.000000E+00
  1.400000E-09,  0.000000E+00,  0.000000E+00
  1.500000E-09,  0.000000E+00,  0.000000E+00
  1.600000E-09,  0.000000E+00,  0.000000E+00
  1.700000E-09,  0.000000E+00,  0.000000E+00
  1.800000E-09,  0.000000E+00,  0.000000E+00
  1.900000E-09,  0.000000E+00,  0.000000E+00
  2.000000E-09,  0.000000E+00,  0.000000E+00
  2.100000E-09,  0.000000E+00,  0.000000E+00
  2.200000E-09,  0.000000E+00,  0.000000E+00
  2.300000E-09,  0.000000E+00,  0.000000E+00
  2.400000E-09,  0.000000E+00,  0.000000E+00
  2.500000E-09,  0.000000E+00,  0.000000E+00
  2.600000E-09,  0.000000E+00,  0.000000E+00
  2.700000E-09,  0.000000E+00,  0.000000E+00
  2.800000E-09,  0.000000E+00,  0.000000E+00
  2.900000E-09,  0.000000E+00,  0.000000E+00
  3.000000E-09,  0.000000E+00,  0.000000E+00
  3.100000E-09,  0.000000E+00,  0.000000E+00
  3.200000E-09,  0.000000E+00,  0.000000E+00
  3.300000E-09,  0.000000E+00,  0.000000E+00
  3.400000E-09,  0.000000E+00,  0.000000E+00
  3.500000E-09,  0.000000E+00,  0.000000E+00
  3.600000E-09,  0.000000E+00,  0.000000E+00
  3.700000E-09,  0.000000E+00,  0.000000E+00
  3.800000E-09,  0.000000E+00,  0.000000E+00
  3.900000E-09,  0.000000E+00,  0.000000E+00
  4.000000E-09,  0.000000E+00,  0.000000E+00
  4.100000E-09,  0.000000E+00,  0.000000E+00
  4.200000E-09,  0.000000E+00,  0.000000E+00
  4.300000E-09,  0.000000E+00,  0.000000E+00
  4.400000E-09,  0.000000E+00,  0.000000E+00
  4.500000E-09,  0.000000E+00,  0.000000E+00
  4.600000E-09,  0.000000E+00,  0.000000E+00
  4.700000E-09,  0.000000E+00,  0.000000E+00
  4.800000E-09,  0.000000E+00,  0.000000E+00
  4.900000E-09,  0.000000E+00,  0.000000E+00
  5.000000E-09,  0.000000E+00,  0.000000E+00
  5.100000E-09,  0.000000E+00,  0.000000E+00
  5.200000E-09,  0.000000E+00,  0.000000E+00
  5.300000E-09,  0.000000E+00,  0.000000E+00
  5.400000E-09,  0.000000E+00,  0.000000E+00
  5.500000E-09,  0.000000E+00,  0.000000E+00
  5.600000E-09,  0.000000E+00,  0.000000E+00
  5.700000E-09,  0.000000E+00,  0.000000E+00
  5.800000E-09,  0.000000E+00,  0.000000E+00
  5.900000E-09,  0.000000E+00,  0.000000E+00
  6.000000E-09,  0.000000E+00,  0.000000E+00
  6.100000E-09,  0.000000E+00,  0.000000E+00
  6.200000E-09,  0.000000E+00,  0.000000E+00
  6.300000E-09,  0.000000E+00,  0.000000E+00
  6.400000E-09,  0.000000E+00,  0.000000E+00
  6.500000E-09,  0.000000E+00,  0.000000E+00
  6.600000E-09,  0.000000E+00,  0.000000E+00
  6.700000E-09,  0.000000E+00,  0.000000E+00
  6.800000E-09,  0.000000E+00,  0.000000E+00
  6.900000E-09,  0.000000E+00,  0.000000E+00
  7.000000E-09,  0.000000E+00,  0.000000E+00
  7.100000E-09,  0.000000E+00,  0.000000E+00
  7.200000E-09,  0.000000E+00,  0.000000E+00
  7.300000E-09,  0.000000E+00,  0.000000E+00
  7.400000E-09,  0.000000E+00,  0.000000E+00
  7.500000E-09,  0.000000E+00,  0.000000E+00
  7.600000E-09,  0.000000E+00,  0.000000E+00
  7.700000E-09,  0.000000E+00,  0.000000E+00
  7.800000E-09,  0.000000E+00,  0.000000E+00
  7.900000E-09,  0.000000E+00,  0.000000E+00
  8.000000E-09,  0.000000E+00,  0.000000E+00
  8.100000E-09,  0.000000E+00,  0.000000E+00
  8.200000E-09,  0.000000E+00,  0.000000E+00
  8.300000E-09,  0.000000E+00,  0.000000E+00
  8.400000E-09,  0.000000E+00,  0.000000E+00
  8.500000E-09,  0.000000E+00,  0.000000E+00
  8.600000E-09,  0.000000E+00,  0.000000E+00
  8.700000E-09,  0.000000E+00,  0.000000E+00
  8.800000E-09,  0.000000E+00,  0.000000E+00
  8.900000E-09,  0.000000E+00,  0.000000E+00
  9.000000E-09,  0.000000E+00,  0.000000E+00
  9.100000E-09,  0.000000E+00,  0.000000E+00
  9.200000E-09,  0.000000E+00,  0.000000E+00
  9.300000E-09,  0.000000E+00,  0.000000E+00
  9.400000E-09,  0.000000E+00,  0.000000E+00
  9.500000E-09,  0.000000E+00,  0.000000E+00
  9.600000E-09,  0.000000E+00,  0.000000E+00
  9.700000E-09,  0.000000E+00,  0.000000E+00
  9.800000E-09,  0.000000E+00,  0.000000E+00
  9.900000E-09,  0.000000E+00,  0.000000E+00
  1.000000E-08,  0.000000E+00,  0.000000E+00
  1.010000E-08,  0.000000E+00,  0.000000E+00
  1.020000E-08,  0.000000E+00,  0.000000E+00
  1.030000E-08,  0.000000E+00,  0.000000E+00
  1.040000E-08,  0.000000E+00,  0.000000E+00
  1.050000E-08,  0.000000E+00,  0.000000E+00
  1.060000E-08,  0.000000E+00,  0.000000E+00
  1.070000E-08,  0.000000E+00,  0.000000E+00
  1.080000E-08,  0.000000E+00,  0.000000E+00
  1.090000E-08,  0.000000E+00,  0.000000E+00
  1.100000E-08,  0.000000E+00,  0.000000E+00
  1.110000E-08,  0.000000E+00,  0.000000E+00
  1.120000E-08,  0.000000E+00,  0.000000E+00
  1.130000E-08,  0.000000E+00,  0.000000E+00
  1.140000E-08,  0.000000E+00,  0.000000E+00
  1.150000E-08,  0.000000E+00,  0.000000E+00
  1.160000E-08,  0.000000E+00,  0.000000E+00
  1.170000E-08,  0.000000E+00,  0.000000E+00
  1.180000E-08,  0.000000E+00,  0.000000E+00
  1.190000E-08,  0.000000E+00,  0.000000E+00
  1.200000E-08,  0.000000E+00,  0.000000E+00
  1.210000E-08,  0.000000E+00,  0.000000E+00
  1.220000E-08,  0.000000E+00,  0.000000E+00
  1.230000E-08,  0.000000E+00,  0.000000E+00
  1.240000E-08,  0.000000E+00,  0.000000E+00
  1.250000E-08,  0.000000E+00,  0.000000E+00
  1.260000E-08,  0.000000E+00,  0.000000E+00
  1.270000E-08,  0.000000E+00,  0.000000E+00
  1.280000E-08,  0.000000E+00,  0.000000E+00
  1.290000E-08,  0.000000E+00,  0.000000E+00
  1.300000E-08,  0.000000E+00,  0.000000E+00
  1.310000E-08,  0.000000E+00,  0.000000E+00
  1.320000E-08,  0.000000E+00,  0.000000E+00
  1.330000E-08,  0.000000E+00,  0.000000E+00
  1.340000E-08,  0.000000E+00,  0.000000E+00
  1.350000E-08,  0.000000E+00,  0.000000E+00
  1.360000E-08,  0.000000E+00,  0.000000E+00
  1.370000E-08,  0.000000E+00,  0.000000E+00
  1.380000E-08,  0.000000E+00,  0.000000E+00
  1.390000E-08,  0.000000E+00,  0.000000E+00
  1.400000E-08,  0.000000E+00,  0.000000E+00
  1.410000E-08,  0.000000E+00,  0.000000E+00
  1.420000E-08,  0.000000E+00,  0.000000E+00
  1.430000E-08,  0.000000E+00,  0.000000E+00
  1.440000E-08,  0.000000E+00,  0.000000E+00
  1.450000E-08,  0.000000E+00,  0.000000E+00
  1.460000E-08,  0.000000E+00,  0.000000E+00
  1.470000E-08,  0.000000E+00,  0.000000E+00
  1.480000E-08,  0.000000E+00,  0.000000E+00
  1.490000E-08,  0.000000E+00,  0.000000E+00
  1.500000E-08,  0.000000E+00,  0.000000E+00
  1.510000E-08,  0.000000E+00,  0.000000E+00
  1.520000E-08,  0.000000E+00,  0.000000E+00
  1.530000E-08,  0.000000E+00,  0.000000E+00
  1.540000E-08,  0.000000E+00,  0.000000E+00
  1.550000E-08,  0.000000E+00,  0.000000E+00
  1.560000E-08,  0.000000E+00,  0.000000E+00
  1.570000E-08,  0.000000E+00,  0.000000E+00
  1.580000E-08,  0.000000E+00,  0.000000E+00
  1.590000E-08,  0.000000E+00,  0.000000E+00
  1.600000E-08,  0.000000E+00,  0.000000E+00
  1.610000E-08,  0.000000E+00,  0.000000E+00
  1.620000E-08,  0.000000E+00,  0.000000E+00
  1.630000E-08,  0.000000E+00,  0.000000E+00
  1.640000E-08,  0.000000E+00,  0.000000E+00
  1.650000E-08,  0.000000E+00,  0.000000E+00
  1.660000E-08,  0.000000E+00,  0.000000E+00
  1.670000E-08,  0.000000E+00,  0.000000E+00
  1.680000E-08,  0.000000E+00,  0.000000E+00
  1.690000E-08,  0.000000E+00,  0.000000E+00
  1.700000E-08,  0.000000E+00,  0.000000E+00
  1.710000E-08,  1.122200E-46,  7.855397E-51
  1.720000E-08,  2.244399E-46,  1.571079E-50
  1.730000E-08,  1.434492E-45,  1.004144E-49
  1.740000E-08,  3.110123E-45,  2.177086E-49
  1.750000E-08,  7.542518E-45,  5.279763E-49
  1.760000E-08,  1.634072E-44,  1.143850E-48
  1.770000E-08,  3.424484E-44,  2.397139E-48
  1.780000E-08,  7.154992E-44,  5.008494E-48
  1.790000E-08,  1.477734E-43,  1.034414E-47
  1.800000E-08,  3.038960E-43,  2.127272E-47
  1.810000E-08,  6.202705E-43,  4.341894E-47
  1.820000E-08,  1.256683E-42,  8.796782E-47
  1.830000E-08,  2.524062E-42,  1.766843E-46
  1.840000E-08,  5.030617E-42,  3.521432E-46
  1.850000E-08,  9.951199E-42,  6.965839E-46
  1.860000E-08,  1.953889E-41,  1.367722E-45
  1.870000E-08,  3.808169E-41,  2.665719E-45
  1.880000E-08,  7.368686E-41,  5.158081E-45
  1.890000E-08,  1.415735E-40,  9.910147E-45
  1.900000E-08,  2.701013E-40,  1.890709E-44
  1.910000E-08,  5.117761E-40,  3.582433E-44
  1.920000E-08,  9.631299E-40,  6.741909E-44
  1.930000E-08,  1.800482E-39,  1.260338E-43
  1.940000E-08,  3.343776E-39,  2.340643E-43
  1.950000E-08,  6.169823E-39,  4.318876E-43
  1.960000E-08,  1.131203E-38,  7.918424E-43
  1.970000E-08,  2.061016E-38,  1.442712E-42
  1.980000E-08,  3.731969E-38,  2.612378E-42
  1.990000E-08,  6.716630E-38,  4.701641E-42
  2.000000E-08,  1.201600E-37,  8.411204E-42
  2.020000E-08,  3.778515E-37,  2.644961E-41
  2.040000E-08,  1.161247E-36,  8.128730E-41
  2.060000E-08,  3.490318E-36,  2.443223E-40
  2.080000E-08,  1.026642E-35,  7.186495E-40
  2.100000E-08,  2.957048E-35,  2.069934E-39
  2.120000E-08,  8.345329E-35,  5.841730E-39
  2.140000E-08,  2.308991E-34,  1.616294E-38
  2.160000E-08,  6.266674E-34,  4.386672E-38
  2.180000E-08,  1.669240E-33,  1.168468E-37
  2.200000E-08,  4.366060E-33,  3.056242E-37
  2.220000E-08,  1.121935E-32,  7.853547E-37
  2.240000E-08,  2.833716E-32,  1.983601E-36
  2.260000E-08,  7.038170E-32,  4.926719E-36
  2.280000E-08,  1.719766E-31,  1.203836E-35
  2.300000E-08,  4.135905E-31,  2.895133E-35
  2.320000E-08,  9.793658E-31,  6.855561E-35
  2.340000E-08,  2.284362E-30,  1.599054E-34
  2.360000E-08,  5.250486E-30,  3.675341E-34
  2.380000E-08,  1.189627E-29,  8.327389E-34
  2.400000E-08,  2.657996E-29,  1.860597E-33
  2.420000E-08,  5.858443E-29,  4.100910E-33
  2.440000E-08,  1.274211E-28,  8.919476E-33
  2.460000E-08,  2.735729E-28,  1.915010E-32
  2.480000E-08,  5.799835E-28,  4.059884E-32
  2.500000E-08,  1.214512E-27,  8.501587E-32
  2.520000E-08,  2.512799E-27,  1.758959E-31
  2.540000E-08,  5.138186E-27,  3.596730E-31
  2.560000E-08,  1.038673E-26,  7.270713E-31
  2.580000E-08,  2.076256E-26,  1.453380E-30
  2.600000E-08,  4.105156E-26,  2.873609E-30
  2.620000E-08,  8.030354E-26,  5.621248E-30
  2.640000E-08,  1.554545E-25,  1.088182E-29
  2.660000E-08,  2.978772E-25,  2.085140E-29
  2.680000E-08,  5.651152E-25,  3.955806E-29
  2.700000E-08,  1.061699E-24,  7.431891E-29
  2.720000E-08,  1.975702E-24,  1.382992E-28
  2.740000E-08,  3.642424E-24,  2.549697E-28
  2.760000E-08,  6.654240E-24,  4.657968E-28
  2.780000E-08,  1.204842E-23,  8.433897E-28
  2.800000E-08,  2.162569E-23,  1.513799E-27
  2.820000E-08,  3.848566E-23,  2.693996E-27
  2.840000E-08,  6.791984E-23,  4.754389E-27
  2.860000E-08,  1.188888E-22,  8.322218E-27
  2.880000E-08,  2.064445E-22,  1.445112E-26
  2.900000E-08,  3.556795E-22,  2.489756E-26
  2.920000E-08,  6.081046E-22,  4.256732E-26
  2.940000E-08,  1.031884E-21,  7.223187E-26
  2.960000E-08,  1.738124E-21,  1.216687E-25
  2.980000E-08,  2.906665E-21,  2.034666E-25
  3.000000E-08,  4.826551E-21,  3.378586E-25
  3.030000E-08,  1.019467E-20,  7.136266E-25
  3.060000E-08,  2.120982E-20,  1.484687E-24
  3.090000E-08,  4.348311E-20,  3.043818E-24
  3.120000E-08,  8.788378E-20,  6.151864E-24
  3.150000E-08,  1.751793E-19,  1.226255E-23
  3.180000E-08,  3.445183E-19,  2.411628E-23
  3.210000E-08,  6.687491E-19,  4.681244E-23
  3.240000E-08,  1.281733E-18,  8.972133E-23
  3.270000E-08,  2.426413E-18,  1.698489E-22
  3.300000E-08,  4.538539E-18,  3.176977E-22
  3.330000E-08,  8.390598E-18,  5.873419E-22
  3.360000E-08,  1.533668E-17,  1.073567E-21
  3.390000E-08,  2.772468E-17,  1.940727E-21
  3.420000E-08,  4.958210E-17,  3.470747E-21
  3.450000E-08,  8.774658E-17,  6.142261E-21
  3.480000E-08,  1.537095E-16,  1.075966E-20
  3.510000E-08,  2.665947E-16,  1.866163E-20
  3.540000E-08,  4.579259E-16,  3.205482E-20
  3.570000E-08,  7.791796E-16,  5.454258E-20
  3.600000E-08,  1.313656E-15,  9.195593E-20
  3.630000E-08,  2.194986E-15,  1.536491E-19
  3.660000E-08,  3.635642E-15,  2.544949E-19
  3.690000E-08,  5.970691E-15,  4.179483E-19
  3.720000E-08,  9.724168E-15,  6.806918E-19
  3.750000E-08,  1.570916E-14,  1.099642E-18
  3.780000E-08,  2.517746E-14,  1.762422E-18
  3.810000E-08,  4.004149E-14,  2.802904E-18
  3.840000E-08,  6.320172E-14,  4.424120E-18
  3.870000E-08,  9.902467E-14,  6.931727E-18
  3.900000E-08,  1.540400E-13,  1.078280E-17
  3.930000E-08,  2.379386E-13,  1.665570E-17
  3.960000E-08,  3.650170E-13,  2.555119E-17
  3.990000E-08,  5.562168E-13,  3.893518E-17
  4.020000E-08,  8.420243E-13,  5.894170E-17
  4.060000E-08,  1.449131E-12,  1.014392E-16
  4.100000E-08,  2.466519E-12,  1.726563E-16
  4.140000E-08,  4.153326E-12,  2.907328E-16
  4.180000E-08,  6.921151E-12,  4.844806E-16
  4.220000E-08,  1.141721E-11,  7.992048E-16
  4.260000E-08,  1.864964E-11,  1.305475E-15
  4.300000E-08,  3.017360E-11,  2.112152E-15
  4.340000E-08,  4.836702E-11,  3.385691E-15
  4.380000E-08,  7.683287E-11,  5.378301E-15
  4.420000E-08,  1.209845E-10,  8.468913E-15
  4.460000E-08,  1.888860E-10,  1.322202E-14
  4.500000E-08,  2.924566E-10,  2.047196E-14
  4.540000E-08,  4.491667E-10,  3.144167E-14
  4.580000E-08,  6.844371E-10,  4.791060E-14
  4.620000E-08,  1.034976E-09,  7.244831E-14
  4.660000E-08,  1.553403E-09,  1.087382E-13
  4.700000E-08,  2.314614E-09,  1.620230E-13
  4.740000E-08,  3.424479E-09,  2.397135E-13
  4.780000E-08,  5.031674E-09,  3.522172E-13
  4.820000E-08,  7.343576E-09,  5.140503E-13
  4.860000E-08,  1.064765E-08,  7.453358E-13
  4.900000E-08,  1.533977E-08,  1.073784E-12
  4.940000E-08,  2.196216E-08,  1.537351E-12
  4.980000E-08,  3.125270E-08,  2.187689E-12
  5.020000E-08,  4.421001E-08,  3.094701E-12
  5.070000E-08,  6.765177E-08,  4.735624E-12
  5.120000E-08,  1.026179E-07,  7.183251E-12
  5.170000E-08,  1.543345E-07,  1.080342E-11
  5.220000E-08,  2.302008E-07,  1.611406E-11
  5.270000E-08,  3.406124E-07,  2.384287E-11
  5.320000E-08,  5.000624E-07,  3.500437E-11
  5.370000E-08,  7.286078E-07,  5.100255E-11
  5.420000E-08,  1.053806E-06,  7.376644E-11
  5.470000E-08,  1.513276E-06,  1.059293E-10
  5.520000E-08,  2.157990E-06,  1.510593E-10
  5.570000E-08,  3.056602E-06,  2.139621E-10
  5.620000E-08,  4.300959E-06,  3.010671E-10
  5.670000E-08,  6.013208E-06,  4.209246E-10
  5.720000E-08,  8.354819E-06,  5.848374E-10
  5.770000E-08,  1.153792E-05,  8.076541E-10
  5.820000E-08,  1.583985E-05,  1.108790E-09
  5.870000E-08,  2.162079E-05,  1.513455E-09
  5.920000E-08,  2.934632E-05,  2.054243E-09
  5.970000E-08,  3.961519E-05,  2.773064E-09
  6.020000E-08,  5.319294E-05,  3.723506E-09
  6.080000E-08,  7.524401E-05,  5.267081E-09
  6.140000E-08,  1.056667E-04,  7.396666E-09
  6.200000E-08,  1.473491E-04,  1.031444E-08
  6.260000E-08,  2.040733E-04,  1.428513E-08
  6.320000E-08,  2.807654E-04,  1.965358E-08
  6.380000E-08,  3.837970E-04,  2.686579E-08
  6.440000E-08,  5.213647E-04,  3.649553E-08
  6.500000E-08,  7.039465E-04,  4.927626E-08
  6.560000E-08,  9.448648E-04,  6.614054E-08
  6.620000E-08,  1.260963E-03,  8.826744E-08
  6.680000E-08,  1.673441E-03,  1.171408E-07
  6.740000E-08,  2.208798E-03,  1.546159E-07
  6.800000E-08,  2.900045E-03,  2.030031E-07
  6.860000E-08,  3.788073E-03,  2.651651E-07
  6.920000E-08,  4.923296E-03,  3.446308E-07
  6.980000E-08,  6.367600E-03,  4.457320E-07
  7.040000E-08,  8.196582E-03,  5.737607E-07
  7.110000E-08,  1.094032E-02,  7.658224E-07
  7.180000E-08,  1.451364E-02,  1.015955E-06
  7.250000E-08,  1.914023E-02,  1.339816E-06
  7.320000E-08,  2.509694E-02,  1.756786E-06
  7.390000E-08,  3.272419E-02,  2.290693E-06
  7.460000E-08,  4.243867E-02,  2.970707E-06
  7.530000E-08,  5.474796E-02,  3.832357E-06
  7.600000E-08,  7.026686E-02,  4.918680E-06
  7.670000E-08,  8.973747E-02,  6.281623E-06
  7.740000E-08,  1.140507E-01,  7.983552E-06
  7.810000E-08,  1.442704E-01,  1.009893E-05
  7.880000E-08,  1.816662E-01,  1.271664E-05
  7.950000E-08,  2.277388E-01,  1.594172E-05
  8.020000E-08,  2.842636E-01,  1.989846E-05
  8.100000E-08,  3.643530E-01,  2.550471E-05
  8.180000E-08,  4.645214E-01,  3.251650E-05
  8.260000E-08,  5.891704E-01,  4.124193E-05
  8.340000E-08,  7.435230E-01,  5.204661E-05
  8.420000E-08,  9.337504E-01,  6.536253E-05
  8.500000E-08,  1.167109E+00,  8.169765E-05
  8.580000E-08,  1.452093E+00,  1.016465E-04
  8.660000E-08,  1.798618E+00,  1.259033E-04
  8.740000E-08,  2.218190E+00,  1.552733E-04
  8.820000E-08,  2.724126E+00,  1.906888E-04
  8.900000E-08,  3.331770E+00,  2.332239E-04
  8.980000E-08,  4.058741E+00,  2.841119E-04
  9.060000E-08,  4.925192E+00,  3.447634E-04
  9.150000E-08,  6.095417E+00,  4.266792E-04
  9.240000E-08,  7.508834E+00,  5.256184E-04
  9.330000E-08,  9.208537E+00,  6.445976E-04
  9.420000E-08,  1.124385E+01,  7.870694E-04
  9.510000E-08,  1.367108E+01,  9.569757E-04
  9.600000E-08,  1.655422E+01,  1.158796E-03
  9.690000E-08,  1.996547E+01,  1.397583E-03
  9.780000E-08,  2.398665E+01,  1.679066E-03
  9.870000E-08,  2.870935E+01,  2.009655E-03
  9.960000E-08,  3.423646E+01,  2.396552E-03
  1.005000E-07,  4.068265E+01,  2.847786E-03
  1.015000E-07,  4.907873E+01,  3.435511E-03
  1.025000E-07,  5.896312E+01,  4.127418E-03
  1.035000E-07,  7.055420E+01,  4.938794E-03
  1.045000E-07,  8.409566E+01,  5.886697E-03
  1.055000E-07,  9.985803E+01,  6.990062E-03
  1.065000E-07,  1.181395E+02,  8.269763E-03
  1.075000E-07,  1.392719E+02,  9.749030E-03
  1.085000E-07,  1.636165E+02,  1.145315E-02
  1.095000E-07,  1.915712E+02,  1.340999E-02
  1.105000E-07,  2.235709E+02,  1.564996E-02
  1.116000E-07,  2.640080E+02,  1.848056E-02
  1.127000E-07,  3.105989E+02,  2.174193E-02
  1.138000E-07,  3.640949E+02,  2.548664E-02
  1.149000E-07,  4.253116E+02,  2.977181E-02
  1.160000E-07,  4.951342E+02,  3.465939E-02
  1.171000E-07,  5.745201E+02,  4.021640E-02
  1.182000E-07,  6.645017E+02,  4.651512E-02
  1.193000E-07,  7.661890E+02,  5.363323E-02
  1.204000E-07,  8.807715E+02,  6.165401E-02
  1.216000E-07,  1.021974E+03,  7.153815E-02
  1.228000E-07,  1.181804E+03,  8.272627E-02
  1.240000E-07,  1.362149E+03,  9.535042E-02
  1.252000E-07,  1.565010E+03,  1.095507E-01
  1.264000E-07,  1.792554E+03,  1.254788E-01
  1.276000E-07,  2.047019E+03,  1.432913E-01
  1.288000E-07,  2.330820E+03,  1.631574E-01
  1.300000E-07,  2.646483E+03,  1.852538E-01
  1.313000E-07,  3.027469E+03,  2.119228E-01
  1.326000E-07,  3.452519E+03,  2.416763E-01
  1.339000E-07,  3.925344E+03,  2.747741E-01
  1.352000E-07,  4.449838E+03,  3.114887E-01
  1.365000E-07,  5.030089E+03,  3.521062E-01
  1.378000E-07,  5.670323E+03,  3.969226E-01
  1.391000E-07,  6.374930E+03,  4.462451E-01
  1.404000E-07,  7.148489E+03,  5.003942E-01
  1.418000E-07,  8.064041E+03,  5.644829E-01
  1.432000E-07,  9.071080E+03,  6.349756E-01
  1.446000E-07,  1.017582E+04,  7.123077E-01
  1.460000E-07,  1.138469E+04,  7.969283E-01
  1.474000E-07,  1.270437E+04,  8.893056E-01
  1.488000E-07,  1.414136E+04,  9.898954E-01
  1.502000E-07,  1.570258E+04,  1.099181E+00
  1.517000E-07,  1.752118E+04,  1.226483E+00
  1.532000E-07,  1.949902E+04,  1.364931E+00
  1.547000E-07,  2.164485E+04,  1.515140E+00
  1.562000E-07,  2.396760E+04,  1.677732E+00
  1.577000E-07,  2.647608E+04,  1.853326E+00
  1.592000E-07,  2.917926E+04,  2.042548E+00
  1.607000E-07,  3.208600E+04,  2.246020E+00
  1.623000E-07,  3.542100E+04,  2.479470E+00
  1.639000E-07,  3.900831E+04,  2.730582E+00
  1.655000E-07,  4.285880E+04,  3.000116E+00
  1.671000E-07,  4.698276E+04,  3.288793E+00
  1.687000E-07,  5.139060E+04,  3.597342E+00
  1.703000E-07,  5.609229E+04,  3.926461E+00
  1.720000E-07,  6.142093E+04,  4.299466E+00
  1.737000E-07,  6.710394E+04,  4.697276E+00
  1.754000E-07,  7.315250E+04,  5.120675E+00
  1.771000E-07,  7.957723E+04,  5.570407E+00
  1.788000E-07,  8.638838E+04,  6.047187E+00
  1.805000E-07,  9.359563E+04,  6.551694E+00
  1.823000E-07,  1.016686E+05,  7.116801E+00
  1.841000E-07,  1.102072E+05,  7.714503E+00
  1.859000E-07,  1.192188E+05,  8.345314E+00
  1.877000E-07,  1.287137E+05,  9.009963E+00
  1.895000E-07,  1.386996E+05,  9.708972E+00
  1.913000E-07,  1.491840E+05,  1.044288E+01
  1.932000E-07,  1.607980E+05,  1.125586E+01
  1.951000E-07,  1.729796E+05,  1.210857E+01
  1.970000E-07,  1.857363E+05,  1.300154E+01
  1.989000E-07,  1.990707E+05,  1.393495E+01
  2.008000E-07,  2.129856E+05,  1.490899E+01
  2.028000E-07,  2.282640E+05,  1.597848E+01
  2.048000E-07,  2.441905E+05,  1.709333E+01
  2.068000E-07,  2.607636E+05,  1.825345E+01
  2.088000E-07,  2.779831E+05,  1.945882E+01
  2.108000E-07,  2.958461E+05,  2.070923E+01
  2.129000E-07,  3.152909E+05,  2.207036E+01
  2.150000E-07,  3.354341E+05,  2.348039E+01
  2.171000E-07,  3.562683E+05,  2.493878E+01
  2.192000E-07,  3.777859E+05,  2.644501E+01
  2.213000E-07,  3.999748E+05,  2.799823E+01
  2.235000E-07,  4.239290E+05,  2.967503E+01
  2.257000E-07,  4.485941E+05,  3.140159E+01
  2.279000E-07,  4.739527E+05,  3.317669E+01
  2.301000E-07,  4.999886E+05,  3.499920E+01
  2.324000E-07,  5.279111E+05,  3.695378E+01
  2.347000E-07,  5.565301E+05,  3.895711E+01
  2.370000E-07,  5.858212E+05,  4.100748E+01
  2.393000E-07,  6.157586E+05,  4.310310E+01
  2.416000E-07,  6.463172E+05,  4.524220E+01
  2.440000E-07,  6.788370E+05,  4.751859E+01
  2.464000E-07,  7.119707E+05,  4.983795E+01
  2.488000E-07,  7.456855E+05,  5.219799E+01
  2.512000E-07,  7.799475E+05,  5.459633E+01
  2.537000E-07,  8.161826E+05,  5.713278E+01
  2.562000E-07,  8.529347E+05,  5.970543E+01
  2.587000E-07,  8.901647E+05,  6.231153E+01
  2.612000E-07,  9.278316E+05,  6.494821E+01
  2.638000E-07,  9.674254E+05,  6.771978E+01
  2.664000E-07,  1.007399E+06,  7.051793E+01
  2.690000E-07,  1.047718E+06,  7.334027E+01
  2.716000E-07,  1.088330E+06,  7.618307E+01
  2.743000E-07,  1.130757E+06,  7.915297E+01
  2.770000E-07,  1.173405E+06,  8.213832E+01
  2.797000E-07,  1.216225E+06,  8.513572E+01
  2.824000E-07,  1.259159E+06,  8.814112E+01
  2.852000E-07,  1.303757E+06,  9.126302E+01
  2.880000E-07,  1.348380E+06,  9.438662E+01
  2.908000E-07,  1.392985E+06,  9.750894E+01
  2.937000E-07,  1.439097E+06,  1.007368E+02
  2.966000E-07,  1.485075E+06,  1.039552E+02
  2.995000E-07,  1.530868E+06,  1.071607E+02
  3.024000E-07,  1.576424E+06,  1.103497E+02
  3.054000E-07,  1.623250E+06,  1.136275E+02
  3.084000E-07,  1.669722E+06,  1.168806E+02
  3.114000E-07,  1.715790E+06,  1.201053E+02
  3.145000E-07,  1.762926E+06,  1.234048E+02
  3.176000E-07,  1.809529E+06,  1.266671E+02
  3.207000E-07,  1.855559E+06,  1.298891E+02
  3.239000E-07,  1.902421E+06,  1.331695E+02
  3.271000E-07,  1.948580E+06,  2.540920E+03
  3.303000E-07,  1.993995E+06,  2.561878E+04
  3.336000E-07,  2.040004E+06,  8.616607E+04
  3.369000E-07,  2.085141E+06,  1.624991E+05
  3.402000E-07,  2.129373E+06,  2.346953E+05
  3.436000E-07,  2.173952E+06,  2.989138E+05
  3.470000E-07,  2.217506E+06,  3.457757E+05
  3.504000E-07,  2.259990E+06,  3.742996E+05
  3.539000E-07,  2.302588E+06,  3.870421E+05
  3.574000E-07,  2.344006E+06,  3.866766E+05
  3.609000E-07,  2.384231E+06,  3.778337E+05
  3.645000E-07,  2.424330E+06,  3.650799E+05
  3.681000E-07,  2.463121E+06,  3.540784E+05
  3.717000E-07,  2.500598E+06,  3.481232E+05
  3.754000E-07,  2.537722E+06,  3.480994E+05
  3.791000E-07,  2.573444E+06,  3.632211E+05
  3.828000E-07,  2.607745E+06,  4.127382E+05
  3.866000E-07,  2.641503E+06,  5.144851E+05
  3.904000E-07,  2.673767E+06,  6.649021E+05
  3.943000E-07,  2.705331E+06,  8.441496E+05
  3.982000E-07,  2.735333E+06,  1.014366E+06
  4.021000E-07,  2.763791E+06,  1.169094E+06
  4.061000E-07,  2.791378E+06,  1.317732E+06
  4.101000E-07,  2.817371E+06,  1.454310E+06
  4.142000E-07,  2.842373E+06,  1.591035E+06
  4.183000E-07,  2.865732E+06,  1.723342E+06
  4.224000E-07,  2.887487E+06,  1.848980E+06
  4.266000E-07,  2.908123E+06,  1.972405E+06
  4.308000E-07,  2.927124E+06,  2.087216E+06
  4.351000E-07,  2.944922E+06,  2.196441E+06
  4.394000E-07,  2.961086E+06,  2.290352E+06
  4.437000E-07,  2.975638E+06,  2.379879E+06
  4.481000E-07,  2.988916E+06,  2.460445E+06
  4.525000E-07,  3.000590E+06,  2.532948E+06
  4.570000E-07,  3.010932E+06,  2.596718E+06
  4.615000E-07,  3.019697E+06,  2.654465E+06
  4.661000E-07,  3.027073E+06,  2.706094E+06
  4.707000E-07,  3.032910E+06,  2.747101E+06
  4.754000E-07,  3.037333E+06,  2.786783E+06
  4.801000E-07,  3.040243E+06,  2.819990E+06
  4.849000E-07,  3.041728E+06,  2.847495E+06
  4.897000E-07,  3.041758E+06,  2.873689E+06
  4.945000E-07,  3.040390E+06,  2.895029E+06
  4.994000E-07,  3.037610E+06,  2.909398E+06
  5.043000E-07,  3.033501E+06,  2.923712E+06
  5.093000E-07,  3.027987E+06,  2.933326E+06
  5.143000E-07,  3.021207E+06,  2.943127E+06
  5.194000E-07,  3.013050E+06,  2.946661E+06
  5.245000E-07,  3.003697E+06,  2.948669E+06
  5.297000E-07,  2.992997E+06,  2.945037E+06
  5.349000E-07,  2.981180E+06,  2.945889E+06
  5.402000E-07,  2.968046E+06,  2.940568E+06
  5.456000E-07,  2.953615E+06,  2.929100E+06
  5.510000E-07,  2.938175E+06,  2.917931E+06
  5.565000E-07,  2.921472E+06,  2.907974E+06
  5.620000E-07,  2.903865E+06,  2.893092E+06
  5.676000E-07,  2.885053E+06,  2.877783E+06
  5.732000E-07,  2.865421E+06,  2.855902E+06
  5.789000E-07,  2.844651E+06,  2.838325E+06
  5.846000E-07,  2.823159E+06,  2.817954E+06
  5.904000E-07,  2.800601E+06,  2.798971E+06
  5.963000E-07,  2.776995E+06,  2.775712E+06
  6.022000E-07,  2.752789E+06,  2.748560E+06
  6.082000E-07,  2.727622E+06,  2.724212E+06
  6.142000E-07,  2.701936E+06,  2.699710E+06
  6.203000E-07,  2.675370E+06,  2.672919E+06
  6.265000E-07,  2.647934E+06,  2.642691E+06
  6.327000E-07,  2.620127E+06,  2.615463E+06
  6.390000E-07,  2.591532E+06,  2.584068E+06
  6.453000E-07,  2.562653E+06,  2.551469E+06
  6.517000E-07,  2.533065E+06,  2.521621E+06
  6.582000E-07,  2.502807E+06,  2.488341E+06
  6.647000E-07,  2.472386E+06,  2.453897E+06
  6.713000E-07,  2.441367E+06,  2.419292E+06
  6.780000E-07,  2.409795E+06,  2.382348E+06
  6.847000E-07,  2.378171E+06,  2.343079E+06
  6.915000E-07,  2.346067E+06,  2.306419E+06
  6.984000E-07,  2.313513E+06,  2.263481E+06
  7.053000E-07,  2.281025E+06,  2.221002E+06
  7.123000E-07,  2.248157E+06,  2.174418E+06
  7.194000E-07,  2.214956E+06,  2.126371E+06
  7.265000E-07,  2.181913E+06,  2.078556E+06
  7.337000E-07,  2.148592E+06,  2.024549E+06
  7.410000E-07,  2.115045E+06,  1.967161E+06
  7.484000E-07,  2.081281E+06,  1.908185E+06
  7.558000E-07,  2.047809E+06,  1.846608E+06
  7.633000E-07,  2.014187E+06,  1.782383E+06
  7.709000E-07,  1.980456E+06,  1.713185E+06
  7.786000E-07,  1.946650E+06,  1.642953E+06
  7.863000E-07,  1.913221E+06,  1.567127E+06
  7.941000E-07,  1.879763E+06,  1.492577E+06
  8.020000E-07,  1.846311E+06,  1.411560E+06
  8.100000E-07,  1.812888E+06,  1.329699E+06
  8.181000E-07,  1.779523E+06,  1.247688E+06
  8.262000E-07,  1.746645E+06,  1.162015E+06
  8.344000E-07,  1.713872E+06,  1.080621E+06
  8.427000E-07,  1.681220E+06,  9.928917E+05
  8.511000E-07,  1.648716E+06,  9.066188E+05
  8.596000E-07,  1.616380E+06,  8.221523E+05
  8.681000E-07,  1.584610E+06,  7.372017E+05
  8.767000E-07,  1.553039E+06,  6.616656E+05
  8.854000E-07,  1.521694E+06,  5.822396E+05
  8.942000E-07,  1.490589E+06,  5.093552E+05
  9.031000E-07,  1.459740E+06,  4.383104E+05
  9.121000E-07,  1.429170E+06,  3.725104E+05
  9.212000E-07,  1.398888E+06,  3.130490E+05
  9.304000E-07,  1.368922E+06,  2.584744E+05
  9.397000E-07,  1.339276E+06,  2.090343E+05
  9.490000E-07,  1.310268E+06,  1.666792E+05
  9.584001E-07,  1.281605E+06,  1.304313E+05
  9.679001E-07,  1.253281E+06,  9.918195E+04
  9.775000E-07,  1.225315E+06,  7.328611E+04
  9.872000E-07,  1.197709E+06,  5.235669E+04
  9.970000E-07,  1.170489E+06,  3.581697E+04
  1.006900E-06,  1.143648E+06,  2.341966E+04
  1.016900E-06,  1.117204E+06,  1.451698E+04
  1.027000E-06,  1.091157E+06,  8.587409E+03
  1.037200E-06,  1.065511E+06,  4.820377E+03
  1.047500E-06,  1.040272E+06,  2.486249E+03
  1.057900E-06,  1.015451E+06,  1.135277E+03
  1.068400E-06,  9.910443E+05,  4.856117E+02
  1.079000E-06,  9.670592E+05,  2.030824E+02
  1.089700E-06,  9.434959E+05,  8.491464E+01
  1.100500E-06,  9.203575E+05,  8.283218E+01
  1.111500E-06,  8.974382E+05,  8.076944E+01
  1.122600E-06,  8.749562E+05,  7.874606E+01
  1.133800E-06,  8.529114E+05,  7.676203E+01
  1.145100E-06,  8.313029E+05,  7.481726E+01
  1.156500E-06,  8.101287E+05,  7.291158E+01
  1.168000E-06,  7.893871E+05,  7.104484E+01
  1.179600E-06,  7.690759E+05,  6.921683E+01
  1.191300E-06,  7.491931E+05,  6.742738E+01
  1.203200E-06,  7.295732E+05,  6.566159E+01
  1.215200E-06,  7.103839E+05,  6.393455E+01
  1.227300E-06,  6.916213E+05,  6.224592E+01
  1.239500E-06,  6.732821E+05,  6.059539E+01
  1.251800E-06,  6.553604E+05,  5.898244E+01
  1.264300E-06,  6.377139E+05,  5.739425E+01
  1.276900E-06,  6.204830E+05,  5.584347E+01
  1.289600E-06,  6.036629E+05,  5.432966E+01
  1.302400E-06,  5.872483E+05,  5.285235E+01
  1.315400E-06,  5.711100E+05,  5.139990E+01
  1.328500E-06,  5.553724E+05,  4.998351E+01
  1.341700E-06,  5.400287E+05,  4.860258E+01
  1.355100E-06,  5.249609E+05,  4.724648E+01
  1.368600E-06,  5.102803E+05,  4.592523E+01
  1.382200E-06,  4.959804E+05,  4.463824E+01
  1.396000E-06,  4.819527E+05,  4.337575E+01
  1.409900E-06,  4.682980E+05,  4.214682E+01
  1.423900E-06,  4.550072E+05,  4.095065E+01
  1.438100E-06,  4.419828E+05,  3.977845E+01
  1.452400E-06,  4.293133E+05,  3.863820E+01
  1.466900E-06,  4.169080E+05,  3.752172E+01
  1.481500E-06,  4.048470E+05,  3.643623E+01
  1.496300E-06,  3.930451E+05,  3.537406E+01
  1.511200E-06,  3.815783E+05,  3.434205E+01
  1.526300E-06,  3.703649E+05,  3.333284E+01
  1.541500E-06,  3.594746E+05,  3.235272E+01
  1.556900E-06,  3.488317E+05,  3.139486E+01
  1.572400E-06,  3.385002E+05,  3.046502E+01
  1.588100E-06,  3.284098E+05,  2.955689E+01
  1.603900E-06,  3.186190E+05,  2.867571E+01
  1.619900E-06,  3.090623E+05,  2.781560E+01
  1.636000E-06,  2.997930E+05,  2.698137E+01
  1.652300E-06,  2.907493E+05,  2.616743E+01
  1.668800E-06,  2.819290E+05,  2.537361E+01
  1.685400E-06,  2.733809E+05,  2.460428E+01
  1.702200E-06,  2.650475E+05,  2.385427E+01
  1.719200E-06,  2.569276E+05,  2.312348E+01
  1.736300E-06,  2.490621E+05,  2.241559E+01
  1.753600E-06,  2.414019E+05,  2.172617E+01
  1.771100E-06,  2.339425E+05,  2.105482E+01
  1.788800E-06,  2.266815E+05,  2.040133E+01
  1.806600E-06,  2.196541E+05,  1.976887E+01
  1.824600E-06,  2.128172E+05,  1.915355E+01
  1.842800E-06,  2.061660E+05,  1.855494E+01
  1.861200E-06,  1.996984E+05,  1.797285E+01
  1.879800E-06,  1.934103E+05,  1.740693E+01
  1.898500E-06,  1.873309E+05,  1.685978E+01
  1.917400E-06,  1.814230E+05,  1.632807E+01
  1.936500E-06,  1.756819E+05,  1.581137E+01
  1.955800E-06,  1.701062E+05,  1.530956E+01
  1.975300E-06,  1.646905E+05,  1.482214E+01
  1.995000E-06,  1.594323E+05,  1.434891E+01
  2.014900E-06,  1.543289E+05,  1.388960E+01
  2.035000E-06,  1.493761E+05,  1.344385E+01
  2.055300E-06,  1.445709E+05,  1.301138E+01
  2.075800E-06,  1.399095E+05,  1.259186E+01
  2.096500E-06,  1.353888E+05,  1.218499E+01
  2.117400E-06,  1.310050E+05,  1.179045E+01
  2.138500E-06,  1.267550E+05,  1.140795E+01
  2.159800E-06,  1.226355E+05,  1.103720E+01
  2.181300E-06,  1.186438E+05,  1.067794E+01
  2.203100E-06,  1.147580E+05,  1.032822E+01
  2.225100E-06,  1.109949E+05,  9.989537E+00
  2.247300E-06,  1.073497E+05,  9.661473E+00
  2.269700E-06,  1.038211E+05,  9.343900E+00
  2.292300E-06,  1.004044E+05,  9.036393E+00
  2.315200E-06,  9.708264E+04,  8.737438E+00
  2.338300E-06,  9.386828E+04,  8.448145E+00
  2.361600E-06,  9.075821E+04,  8.168239E+00
  2.385200E-06,  8.773679E+04,  7.896311E+00
  2.409000E-06,  8.481461E+04,  7.633315E+00
  2.433000E-06,  8.198874E+04,  7.378986E+00
  2.457300E-06,  7.924514E+04,  7.132062E+00
  2.481800E-06,  7.659298E+04,  6.893368E+00
  2.506600E-06,  7.401919E+04,  6.661728E+00
  2.531600E-06,  7.153214E+04,  6.437893E+00
  2.556900E-06,  6.911959E+04,  6.220763E+00
  2.582400E-06,  6.678916E+04,  6.011025E+00
  2.608200E-06,  6.452945E+04,  5.807650E+00
  2.634200E-06,  6.234719E+04,  5.611248E+00
  2.660500E-06,  6.023203E+04,  5.420883E+00
  2.687100E-06,  5.818236E+04,  5.236413E+00
  2.713900E-06,  5.620406E+04,  5.058365E+00
  2.741000E-06,  5.428759E+04,  4.885883E+00
  2.768400E-06,  5.243160E+04,  4.718844E+00
  2.796000E-06,  5.064100E+04,  4.557690E+00
  2.823900E-06,  4.890733E+04,  4.401660E+00
  2.852100E-06,  4.722924E+04,  4.250632E+00
  2.880600E-06,  4.560520E+04,  4.104468E+00
  2.909400E-06,  4.403388E+04,  3.963049E+00
  2.938400E-06,  4.251903E+04,  3.826713E+00
  2.967700E-06,  4.105363E+04,  3.694827E+00
  2.997300E-06,  3.963628E+04,  3.567265E+00
  3.027200E-06,  3.826581E+04,  3.443923E+00
  3.057400E-06,  3.694079E+04,  3.324671E+00
  3.087900E-06,  3.565992E+04,  3.209393E+00
  3.118700E-06,  3.442197E+04,  3.097977E+00
  3.149800E-06,  3.322576E+04,  2.990318E+00
  3.181200E-06,  3.206988E+04,  2.886289E+00
  3.213000E-06,  3.094977E+04,  2.785480E+00
  3.245100E-06,  2.986800E+04,  2.688120E+00
  3.277500E-06,  2.882336E+04,  2.594103E+00
  3.310200E-06,  2.781477E+04,  2.503329E+00
  3.343300E-06,  2.683804E+04,  2.415423E+00
  3.376700E-06,  2.589536E+04,  2.330582E+00
  3.410400E-06,  2.498563E+04,  2.248707E+00
  3.444500E-06,  2.410517E+04,  2.169465E+00
  3.478900E-06,  2.325575E+04,  2.093017E+00
  3.513600E-06,  2.243630E+04,  2.019267E+00
  3.548700E-06,  2.164369E+04,  1.947932E+00
  3.584100E-06,  2.087918E+04,  1.879126E+00
  3.619900E-06,  2.014000E+04,  1.812600E+00
  3.656000E-06,  1.942730E+04,  1.748457E+00
  3.692500E-06,  1.873834E+04,  1.686451E+00
  3.729400E-06,  1.807248E+04,  1.626523E+00
  3.766600E-06,  1.743076E+04,  1.568769E+00
  3.804200E-06,  1.681065E+04,  1.512958E+00
  3.842200E-06,  1.621168E+04,  1.459051E+00
  3.880600E-06,  1.563318E+04,  1.406986E+00
  3.919400E-06,  1.507447E+04,  1.356703E+00
  3.958500E-06,  1.453642E+04,  1.308278E+00
  3.998000E-06,  1.401695E+04,  1.261526E+00
  4.037900E-06,  1.351546E+04,  1.216392E+00
  4.078200E-06,  1.303136E+04,  1.172823E+00
  4.118900E-06,  1.256432E+04,  1.130788E+00
  4.160000E-06,  1.211356E+04,  1.090220E+00
  4.201600E-06,  1.167769E+04,  1.050992E+00
  4.243600E-06,  1.125728E+04,  1.013156E+00
  4.286000E-06,  1.085186E+04,  9.766678E-01
  4.328800E-06,  1.046083E+04,  9.414745E-01
  4.372000E-06,  1.008387E+04,  9.075485E-01
  4.415700E-06,  9.719596E+03,  8.747636E-01
  4.459800E-06,  9.368458E+03,  8.431612E-01
  4.504300E-06,  9.030023E+03,  8.127021E-01
  4.549300E-06,  8.703145E+03,  7.832831E-01
  4.594700E-06,  8.388172E+03,  7.549355E-01
  4.640600E-06,  8.084054E+03,  7.275648E-01
  4.687000E-06,  7.790472E+03,  7.011425E-01
  4.733800E-06,  7.507699E+03,  6.756929E-01
  4.781100E-06,  7.234793E+03,  6.511314E-01
  4.828900E-06,  6.971456E+03,  6.274310E-01
  4.877100E-06,  6.717915E+03,  6.046123E-01
  4.925800E-06,  6.473312E+03,  5.825981E-01
  4.975000E-06,  6.237381E+03,  5.613643E-01
  5.024700E-06,  6.009837E+03,  5.408854E-01
  5.074900E-06,  5.790426E+03,  5.211383E-01
  5.125600E-06,  5.578874E+03,  5.020987E-01
  5.176800E-06,  5.374933E+03,  4.837440E-01
  5.228500E-06,  5.178345E+03,  4.660511E-01
  5.280700E-06,  4.988886E+03,  4.489997E-01
  5.333500E-06,  4.805960E+03,  4.325364E-01
  5.386800E-06,  4.629707E+03,  4.166736E-01
  5.440600E-06,  4.459913E+03,  4.013922E-01
  5.495000E-06,  4.296046E+03,  3.866442E-01
  5.549900E-06,  4.138230E+03,  3.724407E-01
  5.605300E-06,  3.986237E+03,  3.587613E-01
  5.661300E-06,  3.839609E+03,  3.455648E-01
  5.717900E-06,  3.698193E+03,  3.328374E-01
  5.775000E-06,  3.562052E+03,  3.205847E-01
  5.832700E-06,  3.430776E+03,  3.087698E-01
  5.891000E-06,  3.304212E+03,  2.973791E-01
  5.949900E-06,  3.182205E+03,  2.863985E-01
  6.009300E-06,  3.064803E+03,  2.758323E-01
  6.069300E-06,  2.951663E+03,  2.656497E-01
  6.129900E-06,  2.842623E+03,  2.558360E-01
  6.191100E-06,  2.737566E+03,  2.463809E-01
  6.253000E-06,  2.636193E+03,  2.372574E-01
  6.315500E-06,  2.538547E+03,  2.284693E-01
  6.378600E-06,  2.444498E+03,  2.200049E-01
  6.442300E-06,  2.353925E+03,  2.118532E-01
  6.506700E-06,  2.266579E+03,  2.039921E-01
  6.571700E-06,  2.182487E+03,  1.964238E-01
  6.637400E-06,  2.101404E+03,  1.891263E-01
  6.703700E-06,  2.023365E+03,  1.821029E-01
  6.770700E-06,  1.948144E+03,  1.753330E-01
  6.838400E-06,  1.875642E+03,  1.688078E-01
  6.906700E-06,  1.805885E+03,  1.625297E-01
  6.975700E-06,  1.738674E+03,  1.564807E-01
  7.045400E-06,  1.673921E+03,  1.506529E-01
  7.115800E-06,  1.611547E+03,  1.450392E-01
  7.186900E-06,  1.551470E+03,  1.396323E-01
  7.258700E-06,  1.493610E+03,  1.344249E-01
  7.331200E-06,  1.437898E+03,  1.294108E-01
  7.404500E-06,  1.384184E+03,  1.245765E-01
  7.478500E-06,  1.332477E+03,  1.199229E-01
  7.553200E-06,  1.282698E+03,  1.154429E-01
  7.628700E-06,  1.234728E+03,  1.111255E-01
  7.704900E-06,  1.188565E+03,  1.069709E-01
  7.781900E-06,  1.144082E+03,  1.029674E-01
  7.859700E-06,  1.101235E+03,  9.911111E-02
  7.938200E-06,  1.060016E+03,  9.540141E-02
  8.017500E-06,  1.020307E+03,  9.182766E-02
  8.097600E-06,  9.820703E+02,  8.838633E-02
  8.178500E-06,  9.452507E+02,  8.507256E-02
  8.260200E-06,  9.097998E+02,  8.188198E-02
  8.342800E-06,  8.756313E+02,  7.880682E-02
  8.426200E-06,  8.427426E+02,  7.584684E-02
  8.510400E-06,  8.110895E+02,  7.299806E-02
  8.595500E-06,  7.805922E+02,  7.025330E-02
  8.681400E-06,  7.512469E+02,  6.761222E-02
  8.768200E-06,  7.229812E+02,  6.506831E-02
  8.855800E-06,  6.957894E+02,  6.262105E-02
  8.944300E-06,  6.696026E+02,  6.026424E-02
  9.033700E-06,  6.443878E+02,  5.799491E-02
  9.124000E-06,  6.201122E+02,  5.581010E-02
  9.215200E-06,  5.967433E+02,  5.370690E-02
  9.307300E-06,  5.742497E+02,  5.168248E-02
  9.400300E-06,  5.526004E+02,  4.973404E-02
  9.494300E-06,  5.317450E+02,  4.785705E-02
  9.589200E-06,  5.116779E+02,  4.605101E-02
  9.685000E-06,  4.923709E+02,  4.431339E-02
  9.781800E-06,  4.737783E+02,  4.264004E-02
  9.879600E-06,  4.558759E+02,  4.102883E-02
  9.978300E-06,  4.386569E+02,  3.947912E-02
  1.007800E-05,  4.220812E+02,  3.798731E-02
  1.017870E-05,  4.061258E+02,  3.655133E-02
  1.028040E-05,  3.907691E+02,  3.516922E-02
  1.038320E-05,  3.759774E+02,  3.383797E-02
  1.048700E-05,  3.617443E+02,  3.255699E-02
  1.059180E-05,  3.480506E+02,  3.132456E-02
  1.069770E-05,  3.348646E+02,  3.013781E-02
  1.080460E-05,  3.221818E+02,  2.899636E-02
  1.091260E-05,  3.099718E+02,  2.789746E-02
  1.102170E-05,  2.982183E+02,  2.683965E-02
  1.113190E-05,  2.869072E+02,  2.582165E-02
  1.124320E-05,  2.760208E+02,  2.484188E-02
  1.135560E-05,  2.655469E+02,  2.389922E-02
  1.146910E-05,  2.554687E+02,  2.299218E-02
  1.158370E-05,  2.457739E+02,  2.211965E-02
  1.169950E-05,  2.364398E+02,  2.127959E-02
  1.181640E-05,  2.274617E+02,  2.047155E-02
  1.193450E-05,  2.188200E+02,  1.969380E-02
  1.205380E-05,  2.105029E+02,  1.894526E-02
  1.217430E-05,  2.024996E+02,  1.822496E-02
  1.229600E-05,  1.947989E+02,  1.753190E-02
  1.241890E-05,  1.873900E+02,  1.686510E-02
  1.254300E-05,  1.802619E+02,  1.622357E-02
  1.266840E-05,  1.734013E+02,  1.560611E-02
  1.279500E-05,  1.668017E+02,  1.501215E-02
  1.292290E-05,  1.604508E+02,  1.444057E-02
  1.305210E-05,  1.543386E+02,  1.389047E-02
  1.318260E-05,  1.484580E+02,  1.336122E-02
  1.331440E-05,  1.427996E+02,  1.285196E-02
  1.344750E-05,  1.373567E+02,  1.236210E-02
  1.358190E-05,  1.321215E+02,  1.189094E-02
  1.371770E-05,  1.270823E+02,  1.143741E-02
  1.385480E-05,  1.222359E+02,  1.100123E-02
  1.399330E-05,  1.175724E+02,  1.058151E-02
  1.413320E-05,  1.130856E+02,  1.017770E-02
  1.427450E-05,  1.087686E+02,  9.789174E-03
  1.441720E-05,  1.046157E+02,  9.415413E-03
  1.456130E-05,  1.006214E+02,  9.055927E-03
  1.470690E-05,  9.677755E+01,  8.709979E-03
  1.485390E-05,  9.308083E+01,  8.377275E-03
  1.500240E-05,  8.952387E+01,  8.057149E-03
  1.515240E-05,  8.610177E+01,  7.749160E-03
  1.530390E-05,  8.280985E+01,  7.452887E-03
  1.545690E-05,  7.964339E+01,  7.167906E-03
  1.561140E-05,  7.659795E+01,  6.893815E-03
  1.576750E-05,  7.366737E+01,  6.630064E-03
  1.592510E-05,  7.084931E+01,  6.376438E-03
  1.608430E-05,  6.813824E+01,  6.132441E-03
  1.624510E-05,  6.553016E+01,  5.897714E-03
  1.640750E-05,  6.302159E+01,  5.671943E-03
  1.657150E-05,  6.060893E+01,  5.454804E-03
  1.673720E-05,  5.828730E+01,  5.245857E-03
  1.690450E-05,  5.605496E+01,  5.044946E-03
  1.707350E-05,  5.390736E+01,  4.851662E-03
  1.724420E-05,  5.184156E+01,  4.665741E-03
  1.741660E-05,  4.985460E+01,  4.486914E-03
  1.759070E-05,  4.794376E+01,  4.314939E-03
  1.776660E-05,  4.610517E+01,  4.149465E-03
  1.794420E-05,  4.433739E+01,  3.990365E-03
  1.812360E-05,  4.263686E+01,  3.837317E-03
  1.830480E-05,  4.100117E+01,  3.690105E-03
  1.848780E-05,  3.942811E+01,  3.548530E-03
  1.867260E-05,  3.791530E+01,  3.412377E-03
  1.885930E-05,  3.645995E+01,  3.281396E-03
  1.904780E-05,  3.506073E+01,  3.155465E-03
  1.923820E-05,  3.371486E+01,  3.034338E-03
  1.943050E-05,  3.242045E+01,  2.917840E-03
  1.962480E-05,  3.117509E+01,  2.805758E-03
  1.982100E-05,  2.997758E+01,  2.697982E-03
  2.001920E-05,  2.882574E+01,  2.594316E-03
  2.021930E-05,  2.771834E+01,  2.494651E-03
  2.042140E-05,  2.665333E+01,  2.398800E-03
  2.062560E-05,  2.562876E+01,  2.306589E-03
  2.083180E-05,  2.464357E+01,  2.217921E-03
  2.104010E-05,  2.369593E+01,  2.132634E-03
  2.125050E-05,  2.278456E+01,  2.050610E-03
  2.146300E-05,  2.190814E+01,  1.971732E-03
  2.167760E-05,  2.106540E+01,  1.895886E-03
  2.189430E-05,  2.025506E+01,  1.822955E-03
  2.211320E-05,  1.947575E+01,  1.752818E-03
  2.233430E-05,  1.872623E+01,  1.685361E-03
  2.255760E-05,  1.800549E+01,  1.620494E-03
  2.278310E-05,  1.731252E+01,  1.558127E-03
  2.301090E-05,  1.664602E+01,  1.498142E-03
  2.324100E-05,  1.600499E+01,  1.440449E-03
  2.347340E-05,  1.538856E+01,  1.384971E-03
  2.370810E-05,  1.479590E+01,  1.331631E-03
  2.394510E-05,  1.422601E+01,  1.280341E-03
  2.418450E-05,  1.367800E+01,  1.231020E-03
  2.442630E-05,  1.315099E+01,  1.183589E-03
  2.467050E-05,  1.264433E+01,  1.137990E-03
  2.491720E-05,  1.215689E+01,  1.094120E-03
  2.516630E-05,  1.168840E+01,  1.051956E-03
  2.541790E-05,  1.123790E+01,  1.011411E-03
  2.567200E-05,  1.080469E+01,  9.724223E-04
  2.592870E-05,  1.038807E+01,  9.349259E-04
  2.618790E-05,  9.987517E+00,  8.988765E-04
  2.644970E-05,  9.602385E+00,  8.642147E-04
  2.671410E-05,  9.232077E+00,  8.308870E-04
  2.698120E-05,  8.875937E+00,  7.988343E-04
  2.725100E-05,  8.533463E+00,  7.680117E-04
  2.752350E-05,  8.204159E+00,  7.383743E-04
  2.779870E-05,  7.887562E+00,  7.098806E-04
  2.807660E-05,  7.583195E+00,  6.824876E-04
  2.835730E-05,  7.290527E+00,  6.561474E-04
  2.864080E-05,  7.009120E+00,  6.308208E-04
  2.892720E-05,  6.738500E+00,  6.064650E-04
  2.921640E-05,  6.478344E+00,  5.830509E-04
  2.950850E-05,  6.228206E+00,  5.605386E-04
  2.980350E-05,  5.987711E+00,  5.388940E-04
  3.010150E-05,  5.756446E+00,  5.180802E-04
  3.040250E-05,  5.534076E+00,  4.980668E-04
  3.070650E-05,  5.320276E+00,  4.788249E-04
  3.101350E-05,  5.114748E+00,  4.603273E-04
  3.132360E-05,  4.917115E+00,  4.425404E-04
  3.163680E-05,  4.727104E+00,  4.254394E-04
  3.195310E-05,  4.544436E+00,  4.089992E-04
  3.227260E-05,  4.368784E+00,  3.931906E-04
  3.259530E-05,  4.199913E+00,  3.779922E-04
  3.292120E-05,  4.037557E+00,  3.633802E-04
  3.325040E-05,  3.881447E+00,  3.493302E-04
  3.358290E-05,  3.731359E+00,  3.358223E-04
  3.391870E-05,  3.587068E+00,  3.228361E-04
  3.425780E-05,  3.448370E+00,  3.103533E-04
  3.460030E-05,  3.315018E+00,  2.983516E-04
  3.494630E-05,  3.186782E+00,  2.868104E-04
  3.529570E-05,  3.063521E+00,  2.757169E-04
  3.564860E-05,  2.945016E+00,  2.650514E-04
  3.600500E-05,  2.831086E+00,  2.547978E-04
  3.636500E-05,  2.721553E+00,  2.449398E-04
  3.672860E-05,  2.616245E+00,  2.354621E-04
  3.709580E-05,  2.515006E+00,  2.263505E-04
  3.746670E-05,  2.417682E+00,  2.175914E-04
  3.784130E-05,  2.324106E+00,  2.091695E-04
  3.821970E-05,  2.234144E+00,  2.010730E-04
  3.860180E-05,  2.147669E+00,  1.932902E-04
  3.898780E-05,  2.064515E+00,  1.858063E-04
  3.937760E-05,  1.984594E+00,  1.786135E-04
  3.977130E-05,  1.907752E+00,  1.716977E-04
  4.016900E-05,  1.833877E+00,  1.650489E-04
  4.057060E-05,  1.762868E+00,  1.586582E-04
  4.097630E-05,  1.694581E+00,  1.525122E-04
  4.138600E-05,  1.628956E+00,  1.466061E-04
  4.179980E-05,  1.565862E+00,  1.409276E-04
  4.221770E-05,  1.505207E+00,  1.354686E-04
  4.263980E-05,  1.446898E+00,  1.302209E-04
  4.306610E-05,  1.390847E+00,  1.251762E-04
  4.349670E-05,  1.336964E+00,  1.203268E-04
  4.393160E-05,  1.285159E+00,  1.156643E-04
  4.437090E-05,  1.235354E+00,  1.111819E-04
  4.481460E-05,  1.187475E+00,  1.068728E-04
  4.526270E-05,  1.141455E+00,  1.027310E-04
  4.571530E-05,  1.097213E+00,  9.874921E-05
  4.617240E-05,  1.054681E+00,  9.492127E-05
  4.663410E-05,  1.013797E+00,  9.124176E-05
  4.710040E-05,  9.744930E-01,  8.770437E-05
  4.757140E-05,  9.367090E-01,  8.430381E-05
  4.804710E-05,  9.003887E-01,  8.103498E-05
  4.852750E-05,  8.654784E-01,  7.789306E-05
  4.901270E-05,  8.319197E-01,  7.487277E-05
  4.950280E-05,  7.996578E-01,  7.196921E-05
